page,title,url,cover_url,downloaded,total_images,success_images
1,Xiuren秀人网 4K No.11293 Yin Tian Tian 尹甜甜 77P,https://xiunice.com/xiuren%e7%a7%80%e4%ba%ba%e7%bd%91-4k-no-11293-yin-tian-tian-%e5%b0%b9%e7%94%9c%e7%94%9c-77p,https://xiunice.com/wp-content/uploads/XiurenXiu-Ren-Wang-4K-No.11293-Yin-Tian-Tian-Yin-Tian-Tian-77-thumbnail.webp,是,77,77
1,Xiuren秀人网 4K No.11262 Yin Tian Tian 尹甜甜 57P,https://xiunice.com/xiuren%e7%a7%80%e4%ba%ba%e7%bd%91-4k-no-11262-yin-tian-tian-%e5%b0%b9%e7%94%9c%e7%94%9c-57p,https://xiunice.com/wp-content/uploads/XiurenXiu-Ren-Wang-4K-No.11262-Yin-Tian-Tian-Yin-Tian-Tian-57-thumbnail.webp,是,57,57
1,Xiuren秀人网 4K No.11241 Yin Tian Tian 尹甜甜 61P,https://xiunice.com/xiuren%e7%a7%80%e4%ba%ba%e7%bd%91-4k-no-11241-yin-tian-tian-%e5%b0%b9%e7%94%9c%e7%94%9c-61p,https://xiunice.com/wp-content/uploads/XiurenXiu-Ren-Wang-4K-No.11241-Yin-Tian-Tian-Yin-Tian-Tian-61-thumbnail.webp,是,61,61
1,Xiuren秀人网 4K No.11190 Yin Tian Tian 尹甜甜 66P,https://xiunice.com/xiuren%e7%a7%80%e4%ba%ba%e7%bd%91-4k-no-11190-yin-tian-tian-%e5%b0%b9%e7%94%9c%e7%94%9c-66p,https://xiunice.com/wp-content/uploads/XiurenXiu-Ren-Wang-4K-No.11190-Yin-Tian-Tian-Yin-Tian-Tian-66-thumbnail.webp,是,66,66
1,Xiuren秀人网 4K No.11157 尹甜甜 51P,https://xiunice.com/xiuren%e7%a7%80%e4%ba%ba%e7%bd%91-4k-no-11157-%e5%b0%b9%e7%94%9c%e7%94%9c-51p,https://xiunice.com/wp-content/uploads/XiurenXiu-Ren-Wang-4K-No.11157-Yin-Tian-Tian-51-thumbnail.webp,是,51,51
1,Xiuren秀人网 4K No.11126 尹甜甜 68P,https://xiunice.com/xiuren%e7%a7%80%e4%ba%ba%e7%bd%91-4k-no-11126-%e5%b0%b9%e7%94%9c%e7%94%9c-68p,https://xiunice.com/wp-content/uploads/XiurenXiu-Ren-Wang-4K-No.11126-Yin-Tian-Tian-68-thumbnail.webp,是,68,68
1,Xiuren秀人网 4K No.11098 Yin Tian Tian 尹甜甜sunny 62P,https://xiunice.com/xiuren%e7%a7%80%e4%ba%ba%e7%bd%91-4k-no-11098-yin-tian-tian-%e5%b0%b9%e7%94%9c%e7%94%9csunny-62p,https://xiunice.com/wp-content/uploads/XiurenXiu-Ren-Wang-4K-No.11098-Yin-Tian-Tian-Yin-Tian-Tian-sunny-62-thumbnail.webp,是,62,62
1,Xiuren秀人网 4K No.11068 Yin Tian Tian 尹甜甜sunny 56P,https://xiunice.com/xiuren%e7%a7%80%e4%ba%ba%e7%bd%91-4k-no-11068-yin-tian-tian-%e5%b0%b9%e7%94%9c%e7%94%9csunny-56p,https://xiunice.com/wp-content/uploads/XiurenXiu-Ren-Wang-4K-No.11068-Yin-Tian-Tian-Yin-Tian-Tian-sunny-56-thumbnail.webp,是,56,56
1,Xiuren秀人网 4K No.11031 Yin Tian Tian 尹甜甜sunny 53P,https://xiunice.com/xiuren%e7%a7%80%e4%ba%ba%e7%bd%91-4k-no-11031-yin-tian-tian-%e5%b0%b9%e7%94%9c%e7%94%9csunny-53p,https://xiunice.com/wp-content/uploads/XiurenXiu-Ren-Wang-4K-No.11031-Yin-Tian-Tian-Yin-Tian-Tian-sunny-53-thumbnail.webp,是,53,53
1,Xiuren秀人网 4K No.11012 Yin Tian Tian 尹甜甜sunny 78P,https://xiunice.com/xiuren%e7%a7%80%e4%ba%ba%e7%bd%91-4k-no-11012-yin-tian-tian-%e5%b0%b9%e7%94%9c%e7%94%9csunny-78p,https://xiunice.com/wp-content/uploads/XiurenXiu-Ren-Wang-4K-No.11012-Yin-Tian-Tian-Yin-Tian-Tian-sunny-78-thumbnail.webp,是,78,78
1,Xiuren秀人网 4K No.10983 尹甜甜sunny 84P,https://xiunice.com/xiuren%e7%a7%80%e4%ba%ba%e7%bd%91-4k-no-10983-%e5%b0%b9%e7%94%9c%e7%94%9csunny-84p,https://xiunice.com/wp-content/uploads/XiurenXiu-Ren-Wang-4K-No.10983-Yin-Tian-Tian-sunny-84-thumbnail.webp,是,84,84
1,Xiuren秀人网 4K No.10957 Yin Tian Tian 尹甜甜sunny 61P,https://xiunice.com/xiuren%e7%a7%80%e4%ba%ba%e7%bd%91-4k-no-10957-yin-tian-tian-%e5%b0%b9%e7%94%9c%e7%94%9csunny-61p,https://xiunice.com/wp-content/uploads/XiurenXiu-Ren-Wang-4K-No.10957-Yin-Tian-Tian-Yin-Tian-Tian-sunny-61-thumbnail.webp,是,61,61
1,Xiuren秀人网 4K No.10931 Yin Tian Tian 尹甜甜sunny 72P,https://xiunice.com/xiuren%e7%a7%80%e4%ba%ba%e7%bd%91-4k-no-10931-yin-tian-tian-%e5%b0%b9%e7%94%9c%e7%94%9csunny-72p,https://xiunice.com/wp-content/uploads/Xiuren-No.10931-Yin-Tian-Tian-Yin-Tian-Tian-sunny-72-thumbnail.webp,是,72,72
1,Xiuren秀人网 4K No.10902 Yin Tian Tian 尹甜甜sunny 61P,https://xiunice.com/xiuren%e7%a7%80%e4%ba%ba%e7%bd%91-4k-no-10902-yin-tian-tian-%e5%b0%b9%e7%94%9c%e7%94%9csunny-61p,https://xiunice.com/wp-content/uploads/Xiuren-No.10902-Yin-Tian-Tian-Yin-Tian-Tian-sunny-61-thumbnail.webp,是,61,61
1,Xiuren秀人网 4K No.10879 Yin Tian Tian 尹甜甜sunny 83P,https://xiunice.com/xiuren%e7%a7%80%e4%ba%ba%e7%bd%91-4k-no-10879-yin-tian-tian-%e5%b0%b9%e7%94%9c%e7%94%9csunny-83p,https://xiunice.com/wp-content/uploads/Xiuren-No.10879-Yin-Tian-Tian-Yin-Tian-Tian-sunny-83-thumbnail.webp,是,83,83
1,Xiuren秀人网 4K No.10842 Yin Tian Tian 尹甜甜sunny 66P,https://xiunice.com/xiuren%e7%a7%80%e4%ba%ba%e7%bd%91-4k-no-10842-yin-tian-tian-%e5%b0%b9%e7%94%9c%e7%94%9csunny-66p,https://xiunice.com/wp-content/uploads/Xiuren-No.10842-Yin-Tian-Tian-Yin-Tian-Tian-sunny-66-thumbnail.webp,是,66,66
1,Xiuren秀人网 4K No.10834 Yin Tian Tian 尹甜甜sunny 84P,https://xiunice.com/xiuren%e7%a7%80%e4%ba%ba%e7%bd%91-4k-no-10834-yin-tian-tian-%e5%b0%b9%e7%94%9c%e7%94%9csunny-84p,https://xiunice.com/wp-content/uploads/Xiuren-No.10834-Yin-Tian-Tian-Yin-Tian-Tian-sunny-84-thumbnail.webp,是,84,84
1,Xiuren秀人网 4K No.10802 Yin Tian Tian 尹甜甜Sunny 89P,https://xiunice.com/xiuren%e7%a7%80%e4%ba%ba%e7%bd%91-4k-no-10802-yin-tian-tian-%e5%b0%b9%e7%94%9c%e7%94%9csunny-89p,https://xiunice.com/wp-content/uploads/Xiuren-No.10802-Yin-Tian-Tian-Yin-Tian-Tian-Sunny-89-thumbnail.webp,是,89,89
1,Xiuren秀人网 4K No.10783 Yin Tian Tian 尹甜甜sunny 63P,https://xiunice.com/xiuren%e7%a7%80%e4%ba%ba%e7%bd%91-4k-no-10783-yin-tian-tian-%e5%b0%b9%e7%94%9c%e7%94%9csunny-63p,https://xiunice.com/wp-content/uploads/Xiuren-No.10783-Yin-Tian-Tian-Yin-Tian-Tian-sunny-63-thumbnail.webp,是,63,63
1,Xiuren秀人网 4K No.10756 Yin Tian Tian 尹甜甜sunny 61P,https://xiunice.com/xiuren%e7%a7%80%e4%ba%ba%e7%bd%91-4k-no-10756-yin-tian-tian-%e5%b0%b9%e7%94%9c%e7%94%9csunny-61p,https://xiunice.com/wp-content/uploads/Xiuren-No.10756-Yin-Tian-Tian-Yin-Tian-Tian-sunny-61-thumbnail.webp,是,61,61
1,Xiuren秀人网 4K No.10728 Yin Tian Tian 尹甜甜 70P,https://xiunice.com/xiuren%e7%a7%80%e4%ba%ba%e7%bd%91-4k-no-10728-yin-tian-tian-%e5%b0%b9%e7%94%9c%e7%94%9c-70p,https://xiunice.com/wp-content/uploads/XiurenXiu-Ren-Wang-4K-No.10728-Yin-Tian-Tian-Yin-Tian-Tian-70-thumbnail.webp,是,70,70
1,Xiuren秀人网 4K No.10703 Yin Tian Tian 尹甜甜 81P,https://xiunice.com/xiuren%e7%a7%80%e4%ba%ba%e7%bd%91-4k-no-10703-yin-tian-tian-%e5%b0%b9%e7%94%9c%e7%94%9c-81p,https://xiunice.com/wp-content/uploads/XiurenXiu-Ren-Wang-4K-No.10703-Yin-Tian-Tian-Yin-Tian-Tian-81-thumbnail.webp,是,81,81
1,Xiuren秀人网 4K No.10680 Yin Tian Tian 尹甜甜 64P,https://xiunice.com/xiuren%e7%a7%80%e4%ba%ba%e7%bd%91-4k-no-10680-yin-tian-tian-%e5%b0%b9%e7%94%9c%e7%94%9c-64p,https://xiunice.com/wp-content/uploads/XiurenXiu-Ren-Wang-4K-No.10680-Yin-Tian-Tian-Yin-Tian-Tian-64-thumbnail.webp,是,64,64
1,Xiuren秀人网 4K No.10654 Yin Tian Tian 尹甜甜 55P,https://xiunice.com/xiuren%e7%a7%80%e4%ba%ba%e7%bd%91-4k-no-10654-yin-tian-tian-%e5%b0%b9%e7%94%9c%e7%94%9c-55p,https://xiunice.com/wp-content/uploads/XiurenXiu-Ren-Wang-4K-No.10654-Yin-Tian-Tian-Yin-Tian-Tian-55-thumbnail.webp,是,55,55
2,Xiuren秀人网 4K No.10629 Yin Tian Tian 尹甜甜 79P,https://xiunice.com/xiuren%e7%a7%80%e4%ba%ba%e7%bd%91-4k-no-10629-yin-tian-tian-%e5%b0%b9%e7%94%9c%e7%94%9c-79p,https://xiunice.com/wp-content/uploads/XiurenXiu-Ren-Wang-4K-No.10629-Yin-Tian-Tian-Yin-Tian-Tian-79-thumbnail.webp,是,79,79
2,Xiuren秀人网 4K No.10604 Yin Tian Tian 尹甜甜 81P,https://xiunice.com/xiuren%e7%a7%80%e4%ba%ba%e7%bd%91-4k-no-10604-yin-tian-tian-%e5%b0%b9%e7%94%9c%e7%94%9c-81p,https://xiunice.com/wp-content/uploads/XiurenXiu-Ren-Wang-4K-No.10604-Yin-Tian-Tian-Yin-Tian-Tian-81-thumbnail.webp,是,81,81
2,Xiuren秀人网 4K No.10578 Yin Tian Tian 尹甜甜 70P,https://xiunice.com/xiuren%e7%a7%80%e4%ba%ba%e7%bd%91-4k-no-10578-yin-tian-tian-%e5%b0%b9%e7%94%9c%e7%94%9c-70p,https://xiunice.com/wp-content/uploads/XiurenXiu-Ren-Wang-4K-No.10578-Yin-Tian-Tian-Yin-Tian-Tian-70-thumbnail.webp,是,70,70
2,Xiuren Uncensored 4K Yin Tian Tian 尹甜甜 – R18 秀人网模特 溪水边 73P,https://xiunice.com/xiuren-uncensored-4k-yin-tian-tian-%e5%b0%b9%e7%94%9c%e7%94%9c-r18-%e7%a7%80%e4%ba%ba%e7%bd%91%e6%a8%a1%e7%89%b9-%e6%ba%aa%e6%b0%b4%e8%be%b9-73p,https://photo.xiunice.com/2026/05/Xiuren-Uncensored-4K-Yin-Tian-Tian-Yin-Tian-Tian-R18-Xiu-Ren-Wang-Mo-Te-Xi-Shui-Bian-70-thumbnail.webp,是,73,73
2,Xiuren秀人网 No.8931 尹甜甜 98P 4K,https://xiunice.com/xiuren%e7%a7%80%e4%ba%ba%e7%bd%91-no-8931-%e5%b0%b9%e7%94%9c%e7%94%9c-98p-4k,https://xiunice.com/wp-content/uploads/2025/02/Xiuren-Vol.8931-99-cover.webp,是,99,99
2,Xiuren秀人网 No.8871 尹甜甜 92P 4K,https://xiunice.com/xiuren%e7%a7%80%e4%ba%ba%e7%bd%91-no-8871-%e5%b0%b9%e7%94%9c%e7%94%9c-92p-4k,https://xiunice.com/wp-content/uploads/2025/02/Xiuren-Vol.8871-93-cover.webp,是,93,93
2,Xiuren秀人网 No.8041 尹甜甜 71P 4K,https://xiunice.com/xiuren%e7%a7%80%e4%ba%ba%e7%bd%91-no-8041-%e5%b0%b9%e7%94%9c%e7%94%9c-71p-4k,https://xiunice.com/wp-content/uploads/2025/01/thumbnail-Xiuren-Vol.8041-72.webp,是,72,72
2,Xiuren秀人网 No.7926 尹甜甜 72P 4K,https://xiunice.com/xiuren%e7%a7%80%e4%ba%ba%e7%bd%91-no-7926-%e5%b0%b9%e7%94%9c%e7%94%9c-72p-4k,https://xiunice.com/wp-content/uploads/2024/12/thumbnail-Xiuren-Vol.7926-73.webp,是,73,73
2,Xiuren秀人网 No.7758 Yin Tian Tian (尹甜甜) 81P 4K,https://xiunice.com/xiuren%e7%a7%80%e4%ba%ba%e7%bd%91-no-7758-yin-tian-tian-%e5%b0%b9%e7%94%9c%e7%94%9c-81p-4k,https://xiunice.com/wp-content/uploads/2024/12/thumbnail-XIUREN-No.7758-Yin-Tian-Tian-xiunice.com-081.webp,是,81,81
2,Xiuren秀人网 No.7700 尹甜甜 75P 4K,https://xiunice.com/xiuren%e7%a7%80%e4%ba%ba%e7%bd%91-no-7700-%e5%b0%b9%e7%94%9c%e7%94%9c-75p-4k,https://xiunice.com/wp-content/uploads/2024/12/thumbnail-XIUREN-No.7700-Yin-Tian-Tian-xiunice.com-076.webp,是,76,76
2,Xiuren秀人网 No.7593 尹甜甜 71P 4K,https://xiunice.com/xiuren%e7%a7%80%e4%ba%ba%e7%bd%91-no-7593-%e5%b0%b9%e7%94%9c%e7%94%9c-71p-4k,https://xiunice.com/wp-content/uploads/2024/12/thumbnail-XIUREN-No.7593-Yin-Tian-Tian-xiunice.com-072.webp,是,72,72
2,Xiuren秀人网 No.7564 尹甜甜 69P 4K,https://xiunice.com/xiuren%e7%a7%80%e4%ba%ba%e7%bd%91-no-7564-%e5%b0%b9%e7%94%9c%e7%94%9c-69p-4k,https://xiunice.com/wp-content/uploads/2024/12/thumbnail-XIUREN-No.7564-Yin-Tian-Tian-xiunice.com-070.webp,是,70,70
2,Xiuren秀人网 No.7531 尹甜甜 63P 4K,https://xiunice.com/xiuren%e7%a7%80%e4%ba%ba%e7%bd%91-no-7531-%e5%b0%b9%e7%94%9c%e7%94%9c-63p-4k,https://xiunice.com/wp-content/uploads/2024/12/thumbnail-XIUREN-No.7531-Yin-Tian-Tian-xiunice.com-064.webp,是,64,64
2,Xiuren秀人网 No.7485 尹甜甜 63P 4K,https://xiunice.com/xiuren%e7%a7%80%e4%ba%ba%e7%bd%91-no-7485-%e5%b0%b9%e7%94%9c%e7%94%9c-63p-4k,https://xiunice.com/wp-content/uploads/2024/12/thumbnail-XIUREN-No.7485-Yin-Tian-Tian-xiunice.com-064.webp,是,64,64
2,Xiuren秀人网 No.7294 尹甜甜 67P 4K,https://xiunice.com/xiuren%e7%a7%80%e4%ba%ba%e7%bd%91-no-7294-%e5%b0%b9%e7%94%9c%e7%94%9c-67p-4k,https://xiunice.com/wp-content/uploads/2024/12/thumbnail-XIUREN-No.7294-Yin-Tian-Tian-xiunice.com-068.webp,是,68,68
2,Xiuren秀人网 No.7168 尹甜甜 46P 4K,https://xiunice.com/xiuren%e7%a7%80%e4%ba%ba%e7%bd%91-no-7168-%e5%b0%b9%e7%94%9c%e7%94%9c-46p-4k,https://xiunice.com/wp-content/uploads/2024/12/thumbnail-XIUREN-No.7168-Yin-Tian-Tian-xiunice.com-047.webp,是,47,47
2,Xiuren秀人网 No.7124 尹甜甜 62P 4K,https://xiunice.com/xiuren%e7%a7%80%e4%ba%ba%e7%bd%91-no-7124-%e5%b0%b9%e7%94%9c%e7%94%9c-62p-4k,https://xiunice.com/wp-content/uploads/2024/12/thumbnail-XIUREN-No.7124-Yin-Tian-Tian-xiunice.com-063.webp,是,63,63
2,Xiuren秀人网 No.6920 尹甜甜 82P 4K,https://xiunice.com/xiuren%e7%a7%80%e4%ba%ba%e7%bd%91-no-6920-%e5%b0%b9%e7%94%9c%e7%94%9c-82p-4k,https://xiunice.com/wp-content/uploads/2024/12/thumbnail-XIUREN-No.6920-Yin-Tian-Tian-xiunice.com-083.webp,是,83,83
2,Xiuren秀人网 No.6865 尹甜甜 85P 4K,https://xiunice.com/xiuren%e7%a7%80%e4%ba%ba%e7%bd%91-no-6865-%e5%b0%b9%e7%94%9c%e7%94%9c-85p-4k,https://xiunice.com/wp-content/uploads/2024/12/thumbnail-XIUREN-No.6865-Yin-Tian-Tian-xiunice.com-086.webp,是,86,86
2,Xiuren秀人网 No.6819 尹甜甜 70P 4K,https://xiunice.com/xiuren%e7%a7%80%e4%ba%ba%e7%bd%91-no-6819-%e5%b0%b9%e7%94%9c%e7%94%9c-70p-4k,https://xiunice.com/wp-content/uploads/2024/12/thumbnail-XIUREN-No.6819-Yin-Tian-Tian-xiunice.com-071.webp,是,71,71
2,Xiuren秀人网 No.6751 尹甜甜 66P 4K,https://xiunice.com/xiuren%e7%a7%80%e4%ba%ba%e7%bd%91-no-6751-%e5%b0%b9%e7%94%9c%e7%94%9c-66p-4k,https://xiunice.com/wp-content/uploads/2024/12/thumbnail-XIUREN-No.6751-Yin-Tian-Tian-xiunice.com-067.webp,是,67,67
2,Xiuren秀人网 No.6696 尹甜甜 57P 4K,https://xiunice.com/xiuren%e7%a7%80%e4%ba%ba%e7%bd%91-no-6696-%e5%b0%b9%e7%94%9c%e7%94%9c-57p-4k,https://xiunice.com/wp-content/uploads/2024/11/thumbnail-XIUREN-No.6696-Yin-Tian-Tian-xiunice.com-058.webp,是,58,58
2,Xiuren秀人网 No.6617 尹甜甜 51P 4K,https://xiunice.com/xiuren%e7%a7%80%e4%ba%ba%e7%bd%91-no-6617-%e5%b0%b9%e7%94%9c%e7%94%9c-51p-4k,https://xiunice.com/wp-content/uploads/2024/11/thumbnail-XIUREN-No.6617-Yin-Tian-Tian-xiunice.com-052.webp,是,52,52
2,Xiuren秀人网 No.6561 尹甜甜 57P 4K,https://xiunice.com/xiuren%e7%a7%80%e4%ba%ba%e7%bd%91-no-6561-%e5%b0%b9%e7%94%9c%e7%94%9c-57p-4k,https://xiunice.com/wp-content/uploads/2024/11/thumbnail-XIUREN-No.6561-Yin-Tian-Tian-xiunice.com-058.webp,是,58,58
3,Xiuren秀人网 No.6520 尹甜甜 76P 4K,https://xiunice.com/xiuren%e7%a7%80%e4%ba%ba%e7%bd%91-no-6520-%e5%b0%b9%e7%94%9c%e7%94%9c-76p-4k,https://xiunice.com/wp-content/uploads/2024/11/thumbnail-XIUREN-No.6520-xiunice.com-077.webp,是,77,77
3,Xiuren秀人网 No.6475 尹甜甜 69P 4K,https://xiunice.com/xiuren%e7%a7%80%e4%ba%ba%e7%bd%91-no-6475-%e5%b0%b9%e7%94%9c%e7%94%9c-69p-4k,https://xiunice.com/wp-content/uploads/2024/11/thumbnail-XIUREN-No.6475-Yin-Tian-Tian-xiunice.com-070.webp,是,70,70
3,Xiuren秀人网 No.6303 尹甜甜 54P 4K,https://xiunice.com/xiuren%e7%a7%80%e4%ba%ba%e7%bd%91-no-6303-%e5%b0%b9%e7%94%9c%e7%94%9c-54p-4k,https://xiunice.com/wp-content/uploads/2024/11/thumbnail-XIUREN-No.6303-Yin-Tian-Tian-xiunice.com-055.webp,是,55,55
3,Xiuren秀人网 No.6024 尹甜甜 57P 4K,https://xiunice.com/xiuren%e7%a7%80%e4%ba%ba%e7%bd%91-no-6024-%e5%b0%b9%e7%94%9c%e7%94%9c-57p-4k,https://xiunice.com/wp-content/uploads/2024/11/thumbnail-XIUREN-No.6024-Yin-Tian-Tian-xiunice.com-058.webp,是,58,58
3,Xiuren秀人网 No.5990 尹甜甜 65P 4K,https://xiunice.com/xiuren%e7%a7%80%e4%ba%ba%e7%bd%91-no-5990-%e5%b0%b9%e7%94%9c%e7%94%9c-65p-4k,https://xiunice.com/wp-content/uploads/2024/11/thumbnail-XIUREN-No.5990-Yin-Tian-Tian-xiunice.com-066.webp,是,66,66
3,Xiuren秀人网 No.5951 尹甜甜 68P 4K,https://xiunice.com/xiuren%e7%a7%80%e4%ba%ba%e7%bd%91-no-5951-%e5%b0%b9%e7%94%9c%e7%94%9c-68p-4k,https://xiunice.com/wp-content/uploads/2024/11/thumbnail-XIUREN-No.5951-Yin-Tian-Tian-xiunice.com-069.webp,是,69,69
3,Xiuren秀人网 No.5898 尹甜甜 54P 4K,https://xiunice.com/xiuren%e7%a7%80%e4%ba%ba%e7%bd%91-no-5898-%e5%b0%b9%e7%94%9c%e7%94%9c-54p-4k,https://xiunice.com/wp-content/uploads/2024/11/thumbnail-XIUREN-No.5898-Yin-Tian-Tian-xiunice.com-055.webp,是,55,55
3,Xiuren秀人网 No.5863 尹甜甜 55P 4K,https://xiunice.com/xiuren%e7%a7%80%e4%ba%ba%e7%bd%91-no-5863-%e5%b0%b9%e7%94%9c%e7%94%9c-55p-4k,https://xiunice.com/wp-content/uploads/2024/11/thumbnail-XIUREN-No.5863-Yin-Tian-Tian-xiunice.com-056.webp,是,56,56
3,Xiuren秀人网 No.5828 尹甜甜 58P 4K,https://xiunice.com/xiuren%e7%a7%80%e4%ba%ba%e7%bd%91-no-5828-%e5%b0%b9%e7%94%9c%e7%94%9c-58p-4k,https://xiunice.com/wp-content/uploads/2024/11/thumbnail-XIUREN-No.5828-Yin-Tian-Tian-xiunice.com-059.webp,是,59,59
3,Xiuren秀人网 No.5697 尹甜甜 52P 4K,https://xiunice.com/xiuren%e7%a7%80%e4%ba%ba%e7%bd%91-no-5697-%e5%b0%b9%e7%94%9c%e7%94%9c-52p-4k,https://xiunice.com/wp-content/uploads/2024/11/thumbnail-XIUREN-No.5697-Yin-Tian-Tian-xiunice.com-053.webp,是,53,53
3,Xiuren秀人网 No.5642 尹甜甜 54P 4K,https://xiunice.com/xiuren%e7%a7%80%e4%ba%ba%e7%bd%91-no-5642-%e5%b0%b9%e7%94%9c%e7%94%9c-54p-4k,https://xiunice.com/wp-content/uploads/2024/11/thumbnail-XIUREN-No.5642-Yin-Tian-Tian-xiunice.com-055.webp,是,55,55
3,Xiuren秀人网 No.5617 尹甜甜 56P 4K,https://xiunice.com/xiuren%e7%a7%80%e4%ba%ba%e7%bd%91-no-5617-%e5%b0%b9%e7%94%9c%e7%94%9c-56p-4k,https://xiunice.com/wp-content/uploads/2024/11/thumbnail-XIUREN-No.5617-Yin-Tian-Tian-xiunice.com-057.webp,是,57,57
3,Xiuren秀人网 No.5584 尹甜甜 63P 4K,https://xiunice.com/xiuren%e7%a7%80%e4%ba%ba%e7%bd%91-no-5584-%e5%b0%b9%e7%94%9c%e7%94%9c-63p-4k,https://xiunice.com/wp-content/uploads/2024/11/thumbnail-XIUREN-No.5584-Yin-Tian-Tian-xiunice.com-064.webp,是,64,64
3,Xiuren秀人网 No.5045 尹甜甜 40P 4K,https://xiunice.com/xiuren%e7%a7%80%e4%ba%ba%e7%bd%91-no-5045-%e5%b0%b9%e7%94%9c%e7%94%9c-40p-4k,https://xiunice.com/wp-content/uploads/2024/10/thumbnail-XIUREN-No.5045-Yin-Tian-Tian-xiunice.com-041.webp,是,41,41
3,Xiuren秀人网 No.5013 Yin Tian Tian (尹甜甜) 59P 4K,https://xiunice.com/xiuren%e7%a7%80%e4%ba%ba%e7%bd%91-no-5013-yin-tian-tian-%e5%b0%b9%e7%94%9c%e7%94%9c-59p-4k,https://xiunice.com/wp-content/uploads/2024/10/thumbnail-XIUREN-No.5013-Yin-Tian-Tian-xiunice.com-060.webp,是,60,60
3,Xiuren秀人网 No.4932 Yin Tian Tian (尹甜甜) 54P 4K,https://xiunice.com/xiuren%e7%a7%80%e4%ba%ba%e7%bd%91-no-4932-yin-tian-tian-%e5%b0%b9%e7%94%9c%e7%94%9c-54p-4k,https://xiunice.com/wp-content/uploads/2024/10/thumbnail-XIUREN-No.4932-Yin-Tian-Tian-xiunice.com-055.webp,是,55,55
3,Xiuren秀人网 No.4881 Yin Tian Tian (尹甜甜) 60P 4K,https://xiunice.com/xiuren%e7%a7%80%e4%ba%ba%e7%bd%91-no-4881-yin-tian-tian-%e5%b0%b9%e7%94%9c%e7%94%9c-60p-4k,https://xiunice.com/wp-content/uploads/2024/10/thumbnail-XIUREN-No.4881-Yin-Tian-Tian-xiunice.com-061.webp,是,61,61
3,Xiuren秀人网 No.4837 尹甜甜 64P 4K,https://xiunice.com/xiuren%e7%a7%80%e4%ba%ba%e7%bd%91-no-4837-%e5%b0%b9%e7%94%9c%e7%94%9c-64p-4k,https://xiunice.com/wp-content/uploads/2024/10/thumbnail-XIUREN-No.4837-Yin-Tian-Tian-xiunice.com-065.webp,是,65,65
3,Xiuren秀人网 No.4817 尹甜甜 47P 4K,https://xiunice.com/xiuren%e7%a7%80%e4%ba%ba%e7%bd%91-no-4817-%e5%b0%b9%e7%94%9c%e7%94%9c-47p-4k,https://xiunice.com/wp-content/uploads/2024/10/thumbnail-XIUREN-No.4817-Yin-Tian-Tian-xiunice.com-048.webp,是,48,48
3,Xiuren秀人网 No.4795 尹甜甜 57P 4K,https://xiunice.com/xiuren%e7%a7%80%e4%ba%ba%e7%bd%91-no-4795-%e5%b0%b9%e7%94%9c%e7%94%9c-57p-4k,https://xiunice.com/wp-content/uploads/2024/10/thumbnail-XIUREN-No.4795-Yin-Tian-Tian-xiunice.com-058.webp,是,58,58
3,Xiuren秀人网 No.4768 尹甜甜 57P 4K,https://xiunice.com/xiuren%e7%a7%80%e4%ba%ba%e7%bd%91-no-4768-%e5%b0%b9%e7%94%9c%e7%94%9c-57p-4k,https://xiunice.com/wp-content/uploads/2024/10/thumbnail-XIUREN-No.4768-Yin-Tian-Tian-xiunice.com-058.webp,是,58,58
3,Xiuren秀人网 No.4730 尹甜甜 50P 4K,https://xiunice.com/xiuren%e7%a7%80%e4%ba%ba%e7%bd%91-no-4730-%e5%b0%b9%e7%94%9c%e7%94%9c-50p-4k,https://xiunice.com/wp-content/uploads/2024/10/thumbnail-XIUREN-No.4730-Yin-Tian-Tian-xiunice.com-051.webp,是,51,51
3,Xiuren秀人网 No.4698 尹甜甜 47P 4K,https://xiunice.com/xiuren%e7%a7%80%e4%ba%ba%e7%bd%91-no-4698-%e5%b0%b9%e7%94%9c%e7%94%9c-47p-4k,https://xiunice.com/wp-content/uploads/2024/10/thumbnail-XIUREN-No.4698-Yin-Tian-Tian-xiunice.com-048.webp,是,48,48
3,Xiuren秀人网 No.4650 尹甜甜 57P 4K,https://xiunice.com/xiuren%e7%a7%80%e4%ba%ba%e7%bd%91-no-4650-%e5%b0%b9%e7%94%9c%e7%94%9c-57p-4k,https://xiunice.com/wp-content/uploads/2024/10/thumbnail-XIUREN-No.4650-Yin-Tian-Tian-xiunice.com-058.webp,是,58,58
4,Xiuren秀人网 No.4583 尹甜甜 54P 4K,https://xiunice.com/xiuren%e7%a7%80%e4%ba%ba%e7%bd%91-no-4583-%e5%b0%b9%e7%94%9c%e7%94%9c-54p-4k,https://xiunice.com/wp-content/uploads/2024/10/thumbnail-XIUREN-No.4583-Yin-Tian-Tian-xiunice.com-057.webp,是,57,57
4,Xiuren秀人网 No.4549 尹甜甜 52P 4K,https://xiunice.com/xiuren%e7%a7%80%e4%ba%ba%e7%bd%91-no-4549-%e5%b0%b9%e7%94%9c%e7%94%9c-52p-4k,https://xiunice.com/wp-content/uploads/2024/10/thumbnail-XIUREN-No.4549-Yin-Tian-Tian-xiunice.com-053.webp,是,53,53
4,Xiuren秀人网 No.4536 尹甜甜 45P 4K,https://xiunice.com/xiuren%e7%a7%80%e4%ba%ba%e7%bd%91-no-4536-%e5%b0%b9%e7%94%9c%e7%94%9c-45p-4k,https://xiunice.com/wp-content/uploads/2024/10/thumbnail-XIUREN-No.4536-Yin-Tian-Tian-xiunice.com-046.webp,是,46,46
4,Xiuren秀人网 No.4508 尹甜甜 50P 4K,https://xiunice.com/xiuren%e7%a7%80%e4%ba%ba%e7%bd%91-no-4508-%e5%b0%b9%e7%94%9c%e7%94%9c-50p-4k,https://xiunice.com/wp-content/uploads/2024/10/thumbnail-XIUREN-No.4508-Yin-Tian-Tian-xiunice.com-051.webp,是,51,51
4,Xiuren秀人网 No.4472 尹甜甜 82P 4K,https://xiunice.com/xiuren%e7%a7%80%e4%ba%ba%e7%bd%91-no-4472-%e5%b0%b9%e7%94%9c%e7%94%9c-82p-4k,https://xiunice.com/wp-content/uploads/2024/10/thumbnail-XIUREN-No.4472-Yin-Tian-Tian-xiunice.com-083.webp,是,83,83
4,Xiuren秀人网 No.4448 尹甜甜 53P 4K,https://xiunice.com/xiuren%e7%a7%80%e4%ba%ba%e7%bd%91-no-4448-%e5%b0%b9%e7%94%9c%e7%94%9c-53p-4k,https://xiunice.com/wp-content/uploads/2024/10/thumbnail-XIUREN-No.4448-Yin-Tian-Tian-xiunice.com-054.webp,是,54,54
4,Xiuren秀人网 No.4419 尹甜甜 72P 4K,https://xiunice.com/xiuren%e7%a7%80%e4%ba%ba%e7%bd%91-no-4419-%e5%b0%b9%e7%94%9c%e7%94%9c-72p-4k,https://xiunice.com/wp-content/uploads/2024/10/thumbnail-XIUREN-No.4419-Yin-Tian-Tian-xiunice.com-073.webp,是,73,73
4,Xiuren秀人网 No.4357 尹甜甜 60P 4K,https://xiunice.com/xiuren%e7%a7%80%e4%ba%ba%e7%bd%91-no-4357-%e5%b0%b9%e7%94%9c%e7%94%9c-60p-4k,https://xiunice.com/wp-content/uploads/2024/10/thumbnail-XIUREN-No.4357-Yin-Tian-Tian-xiunice.com-061.webp,是,61,61
4,Xiuren秀人网 No.4199 尹甜甜 49P 4K,https://xiunice.com/xiuren%e7%a7%80%e4%ba%ba%e7%bd%91-no-4199-%e5%b0%b9%e7%94%9c%e7%94%9c-49p-4k,https://xiunice.com/wp-content/uploads/2024/thumbnail-XIUREN-No.4199-Yin-Tian-Tian-xiunice.com-050.webp,是,50,50
4,Xiuren秀人网 No.4170 尹甜甜 55P 4K,https://xiunice.com/xiuren%e7%a7%80%e4%ba%ba%e7%bd%91-no-4170-%e5%b0%b9%e7%94%9c%e7%94%9c-55p-4k,https://xiunice.com/wp-content/uploads/2024/thumbnail-XIUREN-No.4170-Yin-Tian-Tian-xiunice.com-058.webp,是,58,58
4,Xiuren秀人网 No.3994 尹甜甜 90P 4K,https://xiunice.com/xiuren%e7%a7%80%e4%ba%ba%e7%bd%91-no-3994-%e5%b0%b9%e7%94%9c%e7%94%9c-90p-4k,https://xiunice.com/wp-content/uploads/2024/thumbnail-XIUREN-No.3994-Yin-Tian-Tian-xiunice.com-092.webp,是,92,92
4,Xiuren秀人网 No.3970 尹甜甜 47P 4K,https://xiunice.com/xiuren%e7%a7%80%e4%ba%ba%e7%bd%91-no-3970-%e5%b0%b9%e7%94%9c%e7%94%9c-47p-4k,https://xiunice.com/wp-content/uploads/2024/thumbnail-XIUREN-No.3970-Yin-Tian-Tian-xiunice.com-048.webp,是,48,48
4,Xiuren秀人网 No.3808 尹甜甜 60P 4K,https://xiunice.com/xiuren%e7%a7%80%e4%ba%ba%e7%bd%91-no-3808-%e5%b0%b9%e7%94%9c%e7%94%9c-60p-4k,https://xiunice.com/wp-content/uploads/2024/thumbnail-XIUREN-No.3808-Yin-Tian-Tian-xiunice.com-061.webp,是,61,61
4,Xiuren秀人网 No.3677 尹甜甜 68P 4K,https://xiunice.com/xiuren%e7%a7%80%e4%ba%ba%e7%bd%91-no-3677-%e5%b0%b9%e7%94%9c%e7%94%9c-68p-4k,https://xiunice.com/wp-content/uploads/2024/thumbnail-XIUREN-No.3677-Yin-Tian-Tian-xiunice.com-069.webp,是,69,69
4,Xiuren秀人网 No.3646 尹甜甜 81P 4K,https://xiunice.com/xiuren%e7%a7%80%e4%ba%ba%e7%bd%91-no-3646-%e5%b0%b9%e7%94%9c%e7%94%9c-81p-4k,https://xiunice.com/wp-content/uploads/2024/thumbnail-XIUREN-No.3646-Yin-Tian-Tian-xiunice.com-082.webp,是,82,82
4,Xiuren秀人网 No.3445 尹甜甜 50P 4K,https://xiunice.com/xiuren%e7%a7%80%e4%ba%ba%e7%bd%91-no-3445-%e5%b0%b9%e7%94%9c%e7%94%9c-50p-4k,https://xiunice.com/wp-content/uploads/2024/thumbnail-XIUREN-No.3445-Yin-Tian-Tian-xiunice.com-051.webp,是,51,51
4,Xiuren秀人网 No.3434 尹甜甜 54P 4K,https://xiunice.com/xiuren%e7%a7%80%e4%ba%ba%e7%bd%91-no-3434-%e5%b0%b9%e7%94%9c%e7%94%9c-54p-4k,https://xiunice.com/wp-content/uploads/2024/thumbnail-XIUREN-No.3434-Yin-Tian-Tian-xiunice.com-055.webp,是,55,55
4,Xiuren秀人网 No.3389 尹甜甜 93P 4K,https://xiunice.com/xiuren%e7%a7%80%e4%ba%ba%e7%bd%91-no-3389-%e5%b0%b9%e7%94%9c%e7%94%9c-93p-4k,https://xiunice.com/wp-content/uploads/2024/thumbnail-XIUREN-No.3389-Yin-Tian-Tian-xiunice.com-093.webp,是,93,93
4,Xiuren秀人网 No.3291 尹甜甜 101P 4K,https://xiunice.com/xiuren%e7%a7%80%e4%ba%ba%e7%bd%91-no-3291-%e5%b0%b9%e7%94%9c%e7%94%9c-101p-4k,https://xiunice.com/wp-content/uploads/2024/thumbnail-XIUREN-No.3291-Yin-Tian-Tian-xiunice.com-101.webp,是,101,101
4,Xiuren秀人网 No.3251 尹甜甜 87P 4K,https://xiunice.com/xiuren%e7%a7%80%e4%ba%ba%e7%bd%91-no-3251-%e5%b0%b9%e7%94%9c%e7%94%9c-87p-4k,https://xiunice.com/wp-content/uploads/2024/thumbnail-XIUREN-No.3251-Yin-Tian-Tian-xiunice.com-087.webp,是,87,87
4,Xiuren秀人网 No.3231 尹甜甜 49P 4K,https://xiunice.com/xiuren%e7%a7%80%e4%ba%ba%e7%bd%91-no-3231-%e5%b0%b9%e7%94%9c%e7%94%9c-49p-4k,https://xiunice.com/wp-content/uploads/2024/thumbnail-XIUREN-No.3231-Yin-Tian-Tian-xiunice.com-049.webp,是,49,49
4,Xiuren秀人网 No.3201 尹甜甜 50P 4K,https://xiunice.com/xiuren%e7%a7%80%e4%ba%ba%e7%bd%91-no-3201-%e5%b0%b9%e7%94%9c%e7%94%9c-50p-4k,https://xiunice.com/wp-content/uploads/2024/thumbnail-XIUREN-No.3201-Yin-Tian-Tian-xiunice.com-050.webp,是,50,50
4,Xiuren秀人网 No.3179 尹甜甜 63P 4K,https://xiunice.com/xiuren%e7%a7%80%e4%ba%ba%e7%bd%91-no-3179-%e5%b0%b9%e7%94%9c%e7%94%9c-63p-4k,https://xiunice.com/wp-content/uploads/2024/thumbnail-XIUREN-No.3179-Yin-Tian-Tian-xiunice.com-063.webp,是,63,63
