page,title,url,cover_url,local_path,downloaded,total_images,success_images
1,Coser@年年Nnian – 四妹 80P 4K,https://xiunice.com/coser%e5%b9%b4%e5%b9%b4nnian-%e5%9b%9b%e5%a6%b9-80p-4k,https://xiunice.com/wp-content/uploads/2024/11/thumbnail-年年Nnian-四妹-43.webp,/home/zqh/Desktop/xiunice_scraper/downloads/p1_Coser_年年Nnian _ 四妹 80P 4K.webp,是,80,80
1,Coser@年年Nnian – 青青子衿 27P 4K,https://xiunice.com/coser%e5%b9%b4%e5%b9%b4nnian-%e9%9d%92%e9%9d%92%e5%ad%90%e8%a1%bf-27p-4k,https://xiunice.com/wp-content/uploads/2024/thumbnail-Coser-年年Nnian-青青子衿-19.webp,/home/zqh/Desktop/xiunice_scraper/downloads/p1_Coser_年年Nnian _ 青青子衿 27P 4K.webp,是,27,27
1,Coser@年年Nnian – 青丝 20P 4K,https://xiunice.com/coser%e5%b9%b4%e5%b9%b4nnian-%e9%9d%92%e4%b8%9d-20p-4k,https://xiunice.com/wp-content/uploads/2024/thumbnail-Coser-年年Nnian-青丝-14.webp,/home/zqh/Desktop/xiunice_scraper/downloads/p1_Coser_年年Nnian _ 青丝 20P 4K.webp,是,20,20
1,Coser@年年Nnian – 霓裳 50P 4K,https://xiunice.com/coser%e5%b9%b4%e5%b9%b4nnian-%e9%9c%93%e8%a3%b3-50p-4k,https://xiunice.com/wp-content/uploads/2024/thumbnail-Coser-年年Nnian-霓裳-36.webp,/home/zqh/Desktop/xiunice_scraper/downloads/p1_Coser_年年Nnian _ 霓裳 50P 4K.webp,是,50,50
1,Coser@年年Nnian – 雏菊 52P 4K,https://xiunice.com/coser%e5%b9%b4%e5%b9%b4nnian-%e9%9b%8f%e8%8f%8a-52p-4k,https://xiunice.com/wp-content/uploads/2024/thumbnail-Coser-年年Nnian-雏菊-35.webp,/home/zqh/Desktop/xiunice_scraper/downloads/p1_Coser_年年Nnian _ 雏菊 52P 4K.webp,是,52,52
1,Coser@年年Nnian – 运动服 42P 4K,https://xiunice.com/coser%e5%b9%b4%e5%b9%b4nnian-%e8%bf%90%e5%8a%a8%e6%9c%8d-42p-4k,https://xiunice.com/wp-content/uploads/2024/thumbnail-Coser-年年Nnian-运动服-32.webp,/home/zqh/Desktop/xiunice_scraper/downloads/p1_Coser_年年Nnian _ 运动服 42P 4K.webp,是,42,42
1,Coser@年年Nnian – 蕾丝兔宝宝 26P 4K,https://xiunice.com/coser%e5%b9%b4%e5%b9%b4nnian-%e8%95%be%e4%b8%9d%e5%85%94%e5%ae%9d%e5%ae%9d-26p-4k,https://xiunice.com/wp-content/uploads/2024/thumbnail-Coser-年年Nnian-蕾丝兔宝宝-20.webp,/home/zqh/Desktop/xiunice_scraper/downloads/p1_Coser_年年Nnian _ 蕾丝兔宝宝 26P 4K.webp,是,26,26
1,Coser@年年Nnian – 蔡文姬 54P 4K,https://xiunice.com/coser%e5%b9%b4%e5%b9%b4nnian-%e8%94%a1%e6%96%87%e5%a7%ac-54p-4k,https://xiunice.com/wp-content/uploads/2024/thumbnail-Coser-年年Nnian-蔡文姬-6.webp,/home/zqh/Desktop/xiunice_scraper/downloads/p1_Coser_年年Nnian _ 蔡文姬 54P 4K.webp,是,54,54
1,Coser@年年Nnian – 苗疆女孩 50P 4K,https://xiunice.com/coser%e5%b9%b4%e5%b9%b4nnian-%e8%8b%97%e7%96%86%e5%a5%b3%e5%ad%a9-50p-4k,https://xiunice.com/wp-content/uploads/2024/thumbnail-Coser-年年Nnian-苗疆女孩-38.webp,/home/zqh/Desktop/xiunice_scraper/downloads/p1_Coser_年年Nnian _ 苗疆女孩 50P 4K.webp,是,50,50
1,Coser@年年Nnian – 花野 53P 4K,https://xiunice.com/coser%e5%b9%b4%e5%b9%b4nnian-%e8%8a%b1%e9%87%8e-53p-4k,https://xiunice.com/wp-content/uploads/2024/thumbnail-Coser-年年Nnian-花野-9.webp,/home/zqh/Desktop/xiunice_scraper/downloads/p1_Coser_年年Nnian _ 花野 53P 4K.webp,是,53,53
1,Coser@年年Nnian – 艾达·年 50P 4K,https://xiunice.com/coser%e5%b9%b4%e5%b9%b4nnian-%e8%89%be%e8%be%be%c2%b7%e5%b9%b4-50p-4k,https://xiunice.com/wp-content/uploads/2024/thumbnail-Coser-年年Nnian-艾达·年-27.webp,/home/zqh/Desktop/xiunice_scraper/downloads/p1_Coser_年年Nnian _ 艾达_年 50P 4K.webp,是,50,50
1,Coser@年年Nnian – 背带裤 32P 4K,https://xiunice.com/coser%e5%b9%b4%e5%b9%b4nnian-%e8%83%8c%e5%b8%a6%e8%a3%a4-32p-4k,https://xiunice.com/wp-content/uploads/2024/thumbnail-Coser-年年Nnian-背带裤-18.webp,/home/zqh/Desktop/xiunice_scraper/downloads/p1_Coser_年年Nnian _ 背带裤 32P 4K.webp,是,32,32
1,Coser@年年Nnian – 肉色内衣 56P 4K,https://xiunice.com/coser%e5%b9%b4%e5%b9%b4nnian-%e8%82%89%e8%89%b2%e5%86%85%e8%a1%a3-56p-4k,https://xiunice.com/wp-content/uploads/2024/thumbnail-Coser-年年Nnian-肉色内衣-17.webp,/home/zqh/Desktop/xiunice_scraper/downloads/p1_Coser_年年Nnian _ 肉色内衣 56P 4K.webp,是,56,56
1,Coser@年年Nnian – 美丽的女孩 36P 4K,https://xiunice.com/coser%e5%b9%b4%e5%b9%b4nnian-%e7%be%8e%e4%b8%bd%e7%9a%84%e5%a5%b3%e5%ad%a9-36p-4k,https://xiunice.com/wp-content/uploads/2024/thumbnail-Coser-年年Nnian-美丽的女孩-22.webp,/home/zqh/Desktop/xiunice_scraper/downloads/p1_Coser_年年Nnian _ 美丽的女孩 36P 4K.webp,是,36,36
1,Coser@年年Nnian – 网络女孩 44P 4K,https://xiunice.com/coser%e5%b9%b4%e5%b9%b4nnian-%e7%bd%91%e7%bb%9c%e5%a5%b3%e5%ad%a9-44p-4k,https://xiunice.com/wp-content/uploads/2024/thumbnail-Coser-年年Nnian-网络女孩-35.webp,/home/zqh/Desktop/xiunice_scraper/downloads/p1_Coser_年年Nnian _ 网络女孩 44P 4K.webp,是,44,44
1,Coser@年年Nnian – 维多利亚的秘密 94P 4K,https://xiunice.com/coser%e5%b9%b4%e5%b9%b4nnian-%e7%bb%b4%e5%a4%9a%e5%88%a9%e4%ba%9a%e7%9a%84%e7%a7%98%e5%af%86-94p-4k,https://xiunice.com/wp-content/uploads/2024/thumbnail-Coser-年年Nnian-维多利亚的秘密-90.webp,/home/zqh/Desktop/xiunice_scraper/downloads/p1_Coser_年年Nnian _ 维多利亚的秘密 94P 4K.webp,是,94,94
1,Coser@年年Nnian – 纯粹的欲望女朋友 39P 4K,https://xiunice.com/coser%e5%b9%b4%e5%b9%b4nnian-%e7%ba%af%e7%b2%b9%e7%9a%84%e6%ac%b2%e6%9c%9b%e5%a5%b3%e6%9c%8b%e5%8f%8b-39p-4k,https://xiunice.com/wp-content/uploads/2024/thumbnail-Coser-年年Nnian-纯粹的欲望女朋友-28.webp,/home/zqh/Desktop/xiunice_scraper/downloads/p1_Coser_年年Nnian _ 纯粹的欲望女朋友 39P 4.webp,是,39,39
1,Coser@年年Nnian – 红豆 57P 4K,https://xiunice.com/coser%e5%b9%b4%e5%b9%b4nnian-%e7%ba%a2%e8%b1%86-57p-4k,https://xiunice.com/wp-content/uploads/2024/thumbnail-Coser-年年Nnian-红豆-40.webp,/home/zqh/Desktop/xiunice_scraper/downloads/p1_Coser_年年Nnian _ 红豆 57P 4K.webp,是,67,67
1,Coser@年年Nnian – 粉色内衣 45P 4K,https://xiunice.com/coser%e5%b9%b4%e5%b9%b4nnian-%e7%b2%89%e8%89%b2%e5%86%85%e8%a1%a3-45p-4k,https://xiunice.com/wp-content/uploads/2024/thumbnail-Coser-年年Nnian-粉色内衣-28.webp,/home/zqh/Desktop/xiunice_scraper/downloads/p1_Coser_年年Nnian _ 粉色内衣 45P 4K.webp,是,45,45
1,Coser@年年Nnian – 窗前 57P 4K,https://xiunice.com/coser%e5%b9%b4%e5%b9%b4nnian-%e7%aa%97%e5%89%8d-57p-4k,https://xiunice.com/wp-content/uploads/2024/thumbnail-Coser-年年Nnian-窗前-8.webp,/home/zqh/Desktop/xiunice_scraper/downloads/p1_Coser_年年Nnian _ 窗前 57P 4K.webp,是,57,57
1,Coser@年年Nnian – 空姐 128P 4K,https://xiunice.com/coser%e5%b9%b4%e5%b9%b4nnian-%e7%a9%ba%e5%a7%90-128p-4k,https://xiunice.com/wp-content/uploads/2024/thumbnail-Coser-年年Nnian-空姐-84.webp,/home/zqh/Desktop/xiunice_scraper/downloads/p1_Coser_年年Nnian _ 空姐 128P 4K.webp,是,128,128
1,Coser@年年Nnian – 秋兮 45P 4K,https://xiunice.com/coser%e5%b9%b4%e5%b9%b4nnian-%e7%a7%8b%e5%85%ae-45p-4k,https://xiunice.com/wp-content/uploads/2024/thumbnail-Coser-年年Nnian-秋兮-45.webp,/home/zqh/Desktop/xiunice_scraper/downloads/p1_Coser_年年Nnian _ 秋兮 45P 4K.webp,是,45,45
1,Coser@年年Nnian – 神明之女 40P 4K,https://xiunice.com/coser%e5%b9%b4%e5%b9%b4nnian-%e7%a5%9e%e6%98%8e%e4%b9%8b%e5%a5%b3-40p-4k,https://xiunice.com/wp-content/uploads/2024/thumbnail-Coser-年年Nnian-神明之女-40.webp,/home/zqh/Desktop/xiunice_scraper/downloads/p1_Coser_年年Nnian _ 神明之女 40P 4K.webp,是,40,40
1,Coser@年年Nnian – 短裤T恤 22P 4K,https://xiunice.com/coser%e5%b9%b4%e5%b9%b4nnian-%e7%9f%ad%e8%a3%a4t%e6%81%a4-22p-4k,https://xiunice.com/wp-content/uploads/2024/thumbnail-Coser-年年Nnian-短裤T恤-16.webp,/home/zqh/Desktop/xiunice_scraper/downloads/p1_Coser_年年Nnian _ 短裤T恤 22P 4K.webp,是,22,22
2,Coser@年年Nnian – 睡衣 Ambiguous 40P 4K,https://xiunice.com/coser%e5%b9%b4%e5%b9%b4nnian-%e7%9d%a1%e8%a1%a3-ambiguous-40p-4k,https://xiunice.com/wp-content/uploads/2024/thumbnail-Coser-年年Nnian-睡衣-Ambiguous-31.webp,/home/zqh/Desktop/xiunice_scraper/downloads/p2_Coser_年年Nnian _ 睡衣 Ambiguous 4.webp,是,40,40
2,Coser@年年Nnian – 白露 43P 4K,https://xiunice.com/coser%e5%b9%b4%e5%b9%b4nnian-%e7%99%bd%e9%9c%b2-43p-4k,https://xiunice.com/wp-content/uploads/2024/thumbnail-Coser-年年Nnian-白露-35.webp,/home/zqh/Desktop/xiunice_scraper/downloads/p2_Coser_年年Nnian _ 白露 43P 4K.webp,是,43,43
2,Coser@年年Nnian – 白花间集 39P 4K,https://xiunice.com/coser%e5%b9%b4%e5%b9%b4nnian-%e7%99%bd%e8%8a%b1%e9%97%b4%e9%9b%86-39p-4k,https://xiunice.com/wp-content/uploads/2024/thumbnail-Coser-年年Nnian-白花间集-32.webp,/home/zqh/Desktop/xiunice_scraper/downloads/p2_Coser_年年Nnian _ 白花间集 39P 4K.webp,是,39,39
2,Coser@年年Nnian – 白色网衫 44P 4K,https://xiunice.com/coser%e5%b9%b4%e5%b9%b4nnian-%e7%99%bd%e8%89%b2%e7%bd%91%e8%a1%ab-44p-4k,https://xiunice.com/wp-content/uploads/2024/thumbnail-Coser-年年Nnian-白色网衫-28.webp,/home/zqh/Desktop/xiunice_scraper/downloads/p2_Coser_年年Nnian _ 白色网衫 44P 4K.webp,是,44,44
2,Coser@年年Nnian – 白玉兰 Magnolia 26P 4K,https://xiunice.com/coser%e5%b9%b4%e5%b9%b4nnian-%e7%99%bd%e7%8e%89%e5%85%b0-magnolia-26p-4k,https://xiunice.com/wp-content/uploads/2024/thumbnail-Coser-年年Nnian-白玉兰-Magnolia-25.webp,/home/zqh/Desktop/xiunice_scraper/downloads/p2_Coser_年年Nnian _ 白玉兰 Magnolia 2.webp,是,26,26
2,Coser@年年Nnian – 白梦华录 39P 4K,https://xiunice.com/coser%e5%b9%b4%e5%b9%b4nnian-%e7%99%bd%e6%a2%a6%e5%8d%8e%e5%bd%95-39p-4k,https://xiunice.com/wp-content/uploads/2024/thumbnail-Coser-年年Nnian-白梦华录-34.webp,/home/zqh/Desktop/xiunice_scraper/downloads/p2_Coser_年年Nnian _ 白梦华录 39P 4K.webp,是,39,39
2,Coser@年年Nnian – 玉藻前 22P 4K,https://xiunice.com/coser%e5%b9%b4%e5%b9%b4nnian-%e7%8e%89%e8%97%bb%e5%89%8d-22p-4k,https://xiunice.com/wp-content/uploads/2024/thumbnail-Coser-年年Nnian-玉藻前-8.webp,/home/zqh/Desktop/xiunice_scraper/downloads/p2_Coser_年年Nnian _ 玉藻前 22P 4K.webp,是,22,22
2,Coser@年年Nnian – 爱吃棒棒糖的少女 35P 4K,https://xiunice.com/coser%e5%b9%b4%e5%b9%b4nnian-%e7%88%b1%e5%90%83%e6%a3%92%e6%a3%92%e7%b3%96%e7%9a%84%e5%b0%91%e5%a5%b3-35p-4k,https://xiunice.com/wp-content/uploads/2024/thumbnail-Coser-年年Nnian-爱吃棒棒糖的少女-26.webp,/home/zqh/Desktop/xiunice_scraper/downloads/p2_Coser_年年Nnian _ 爱吃棒棒糖的少女 35P 4.webp,是,35,35
2,Coser@年年Nnian – 爱丽丝漫游仙境 50P 4K,https://xiunice.com/coser%e5%b9%b4%e5%b9%b4nnian-%e7%88%b1%e4%b8%bd%e4%b8%9d%e6%bc%ab%e6%b8%b8%e4%bb%99%e5%a2%83-50p-4k,https://xiunice.com/wp-content/uploads/2024/thumbnail-Coser-年年Nnian-爱丽丝漫游仙境-29.webp,/home/zqh/Desktop/xiunice_scraper/downloads/p2_Coser_年年Nnian _ 爱丽丝漫游仙境 50P 4K.webp,是,50,50
2,Coser@年年Nnian – 炽天使 23P 4K,https://xiunice.com/coser%e5%b9%b4%e5%b9%b4nnian-%e7%82%bd%e5%a4%a9%e4%bd%bf-23p-4k,https://xiunice.com/wp-content/uploads/2024/thumbnail-Coser-年年Nnian-炽天使-14.webp,/home/zqh/Desktop/xiunice_scraper/downloads/p2_Coser_年年Nnian _ 炽天使 23P 4K.webp,是,23,23
2,Coser@年年Nnian – 点绛唇 69P 4K,https://xiunice.com/coser%e5%b9%b4%e5%b9%b4nnian-%e7%82%b9%e7%bb%9b%e5%94%87-69p-4k,https://xiunice.com/wp-content/uploads/2024/thumbnail-Coser-年年Nnian-点绛唇-51.webp,/home/zqh/Desktop/xiunice_scraper/downloads/p2_Coser_年年Nnian _ 点绛唇 69P 4K.webp,是,69,69
2,Coser@年年Nnian – 涩女警 82P 4K,https://xiunice.com/coser%e5%b9%b4%e5%b9%b4nnian-%e6%b6%a9%e5%a5%b3%e8%ad%a6-82p-4k,https://xiunice.com/wp-content/uploads/2024/thumbnail-Coser-年年Nnian-涩女警-57.webp,/home/zqh/Desktop/xiunice_scraper/downloads/p2_Coser_年年Nnian _ 涩女警 82P 4K.webp,是,82,82
2,Coser@年年Nnian – 浪漫 51P 4K,https://xiunice.com/coser%e5%b9%b4%e5%b9%b4nnian-%e6%b5%aa%e6%bc%ab-51p-4k,https://xiunice.com/wp-content/uploads/2024/thumbnail-Coser-年年Nnian-浪漫-22.webp,/home/zqh/Desktop/xiunice_scraper/downloads/p2_Coser_年年Nnian _ 浪漫 51P 4K.webp,是,51,51
2,Coser@年年Nnian – 沐浴 50P 4K,https://xiunice.com/coser%e5%b9%b4%e5%b9%b4nnian-%e6%b2%90%e6%b5%b4-50p-4k,https://xiunice.com/wp-content/uploads/2024/thumbnail-Coser-年年Nnian-沐浴-19.webp,/home/zqh/Desktop/xiunice_scraper/downloads/p2_Coser_年年Nnian _ 沐浴 50P 4K.webp,是,50,50
2,Coser@年年Nnian – 汉宫春月 29P 4K,https://xiunice.com/coser%e5%b9%b4%e5%b9%b4nnian-%e6%b1%89%e5%ae%ab%e6%98%a5%e6%9c%88-29p-4k,https://xiunice.com/wp-content/uploads/2024/thumbnail-Coser-年年Nnian-汉宫春月-14.webp,/home/zqh/Desktop/xiunice_scraper/downloads/p2_Coser_年年Nnian _ 汉宫春月 29P 4K.webp,是,29,29
2,Coser@年年Nnian – 梦醉瑶 39P 4K,https://xiunice.com/coser%e5%b9%b4%e5%b9%b4nnian-%e6%a2%a6%e9%86%89%e7%91%b6-39p-4k,https://xiunice.com/wp-content/uploads/2024/thumbnail-Coser-年年Nnian-梦醉瑶-21.webp,/home/zqh/Desktop/xiunice_scraper/downloads/p2_Coser_年年Nnian _ 梦醉瑶 39P 4K.webp,是,39,39
2,Coser@年年Nnian – 林间小屋 52P 4K,https://xiunice.com/coser%e5%b9%b4%e5%b9%b4nnian-%e6%9e%97%e9%97%b4%e5%b0%8f%e5%b1%8b-52p-4k,https://xiunice.com/wp-content/uploads/2024/thumbnail-Coser-年年Nnian-林间小屋-24.webp,/home/zqh/Desktop/xiunice_scraper/downloads/p2_Coser_年年Nnian _ 林间小屋 52P 4K.webp,是,52,52
2,Coser@年年Nnian – 杂志2 26P 4K,https://xiunice.com/coser%e5%b9%b4%e5%b9%b4nnian-%e6%9d%82%e5%bf%972-26p-4k,https://xiunice.com/wp-content/uploads/2024/thumbnail-Coser-年年Nnian-杂志2-15.webp,/home/zqh/Desktop/xiunice_scraper/downloads/p2_Coser_年年Nnian _ 杂志2 26P 4K.webp,是,26,26
2,Coser@年年Nnian – 未亡人 50P 4K,https://xiunice.com/coser%e5%b9%b4%e5%b9%b4nnian-%e6%9c%aa%e4%ba%a1%e4%ba%ba-50p-4k,https://xiunice.com/wp-content/uploads/2024/thumbnail-Coser-年年Nnian-未亡人-22.webp,/home/zqh/Desktop/xiunice_scraper/downloads/p2_Coser_年年Nnian _ 未亡人 50P 4K.webp,是,50,50
2,Coser@年年Nnian – 月刊少女 36P 4K,https://xiunice.com/coser%e5%b9%b4%e5%b9%b4nnian-%e6%9c%88%e5%88%8a%e5%b0%91%e5%a5%b3-36p-4k,https://xiunice.com/wp-content/uploads/2024/thumbnail-Coser-年年Nnian-月刊少女-19.webp,/home/zqh/Desktop/xiunice_scraper/downloads/p2_Coser_年年Nnian _ 月刊少女 36P 4K.webp,是,36,36
2,Coser@年年Nnian – 暖暖 40P 4K,https://xiunice.com/coser%e5%b9%b4%e5%b9%b4nnian-%e6%9a%96%e6%9a%96-40p-4k,https://xiunice.com/wp-content/uploads/2024/thumbnail-Coser-年年Nnian-暖暖-15.webp,/home/zqh/Desktop/xiunice_scraper/downloads/p2_Coser_年年Nnian _ 暖暖 40P 4K.webp,是,40,40
2,Coser@年年Nnian – 晴天 50P 4K,https://xiunice.com/coser%e5%b9%b4%e5%b9%b4nnian-%e6%99%b4%e5%a4%a9-50p-4k,https://xiunice.com/wp-content/uploads/2024/thumbnail-Coser-年年Nnian-晴天-20.webp,/home/zqh/Desktop/xiunice_scraper/downloads/p2_Coser_年年Nnian _ 晴天 50P 4K.webp,是,50,50
2,Coser@年年Nnian – 春风 50P 4K,https://xiunice.com/coser%e5%b9%b4%e5%b9%b4nnian-%e6%98%a5%e9%a3%8e-50p-4k,https://xiunice.com/wp-content/uploads/2024/thumbnail-Coser-年年Nnian-春风-23.webp,/home/zqh/Desktop/xiunice_scraper/downloads/p2_Coser_年年Nnian _ 春风 50P 4K.webp,是,50,50
2,Coser@年年Nnian – 春日之時 30P 4K,https://xiunice.com/coser%e5%b9%b4%e5%b9%b4nnian-%e6%98%a5%e6%97%a5%e4%b9%8b%e6%99%82-30p-4k,https://xiunice.com/wp-content/uploads/2024/thumbnail-Coser-年年Nnian-春日之時-19.webp,/home/zqh/Desktop/xiunice_scraper/downloads/p2_Coser_年年Nnian _ 春日之時 30P 4K.webp,是,30,30
3,Coser@年年Nnian – 日落玫瑰 30P 4K,https://xiunice.com/coser%e5%b9%b4%e5%b9%b4nnian-%e6%97%a5%e8%90%bd%e7%8e%ab%e7%91%b0-30p-4k,https://xiunice.com/wp-content/uploads/2024/thumbnail-Coser-年年Nnian-日落玫瑰-23.webp,/home/zqh/Desktop/xiunice_scraper/downloads/p3_Coser_年年Nnian _ 日落玫瑰 30P 4K.webp,是,30,30
3,Coser@年年Nnian – 日出 45P 4K,https://xiunice.com/coser%e5%b9%b4%e5%b9%b4nnian-%e6%97%a5%e5%87%ba-45p-4k,https://xiunice.com/wp-content/uploads/2024/thumbnail-Coser-年年Nnian-日出-33.webp,/home/zqh/Desktop/xiunice_scraper/downloads/p3_Coser_年年Nnian _ 日出 45P 4K.webp,是,45,45
3,Coser@年年Nnian – 新年 40P 4K,https://xiunice.com/coser%e5%b9%b4%e5%b9%b4nnian-%e6%96%b0%e5%b9%b4-40p-4k,https://xiunice.com/wp-content/uploads/2024/thumbnail-Coser-年年Nnian-新年-25.webp,/home/zqh/Desktop/xiunice_scraper/downloads/p3_Coser_年年Nnian _ 新年 40P 4K.webp,是,40,40
3,Coser@年年Nnian – 拜年兔 39P 4K,https://xiunice.com/coser%e5%b9%b4%e5%b9%b4nnian-%e6%8b%9c%e5%b9%b4%e5%85%94-39p-4k,https://xiunice.com/wp-content/uploads/2024/thumbnail-Coser-年年Nnian-拜年兔-17.webp,/home/zqh/Desktop/xiunice_scraper/downloads/p3_Coser_年年Nnian _ 拜年兔 39P 4K.webp,是,39,39
3,Coser@年年Nnian – 拍立得女孩 Polaroid Girl 44P 4K,https://xiunice.com/coser%e5%b9%b4%e5%b9%b4nnian-%e6%8b%8d%e7%ab%8b%e5%be%97%e5%a5%b3%e5%ad%a9-polaroid-girl-44p-4k,https://xiunice.com/wp-content/uploads/2024/thumbnail-Coser-年年Nnian-拍立得女孩-Polaroid-Girl-39.webp,/home/zqh/Desktop/xiunice_scraper/downloads/p3_Coser_年年Nnian _ 拍立得女孩 Polaroid.webp,是,44,44
3,Coser@年年Nnian – 性感女警 42P 4K,https://xiunice.com/coser%e5%b9%b4%e5%b9%b4nnian-%e6%80%a7%e6%84%9f%e5%a5%b3%e8%ad%a6-42p-4k,https://xiunice.com/wp-content/uploads/2024/thumbnail-Coser-年年Nnian-性感女警-22.webp,/home/zqh/Desktop/xiunice_scraper/downloads/p3_Coser_年年Nnian _ 性感女警 42P 4K.webp,是,42,42
3,Coser@年年Nnian – 展示柜 50P 4K,https://xiunice.com/coser%e5%b9%b4%e5%b9%b4nnian-%e5%b1%95%e7%a4%ba%e6%9f%9c-50p-4k,https://xiunice.com/wp-content/uploads/2024/thumbnail-Coser-年年Nnian-展示柜-32.webp,/home/zqh/Desktop/xiunice_scraper/downloads/p3_Coser_年年Nnian _ 展示柜 50P 4K.webp,是,50,50
3,Coser@年年Nnian – 小豹宝 11P 4K,https://xiunice.com/coser%e5%b9%b4%e5%b9%b4nnian-%e5%b0%8f%e8%b1%b9%e5%ae%9d-11p-4k,https://xiunice.com/wp-content/uploads/2024/thumbnail-Coser-年年Nnian-小豹宝-9.webp,/home/zqh/Desktop/xiunice_scraper/downloads/p3_Coser_年年Nnian _ 小豹宝 11P 4K.webp,是,11,11
3,Coser@年年Nnian – 小红帽 61P 4K,https://xiunice.com/coser%e5%b9%b4%e5%b9%b4nnian-%e5%b0%8f%e7%ba%a2%e5%b8%bd-61p-4k,https://xiunice.com/wp-content/uploads/2024/thumbnail-Coser-年年Nnian-小红帽-34.webp,/home/zqh/Desktop/xiunice_scraper/downloads/p3_Coser_年年Nnian _ 小红帽 61P 4K.webp,是,61,61
3,Coser@年年Nnian – 宁红叶 30P 4K,https://xiunice.com/coser%e5%b9%b4%e5%b9%b4nnian-%e5%ae%81%e7%ba%a2%e5%8f%b6-30p-4k,https://xiunice.com/wp-content/uploads/2024/thumbnail-Coser-年年Nnian-宁红叶-16.webp,/home/zqh/Desktop/xiunice_scraper/downloads/p3_Coser_年年Nnian _ 宁红叶 30P 4K.webp,是,30,30
3,Coser@年年Nnian – 子然 57P 4K,https://xiunice.com/coser%e5%b9%b4%e5%b9%b4nnian-%e5%ad%90%e7%84%b6-57p-4k,https://xiunice.com/wp-content/uploads/2024/thumbnail-Coser-年年Nnian-子然-44.webp,/home/zqh/Desktop/xiunice_scraper/downloads/p3_Coser_年年Nnian _ 子然 57P 4K.webp,是,57,57
3,Coser@年年Nnian – 嫦娥仙子 49P 4K,https://xiunice.com/coser%e5%b9%b4%e5%b9%b4nnian-%e5%ab%a6%e5%a8%a5%e4%bb%99%e5%ad%90-49p-4k,https://xiunice.com/wp-content/uploads/2024/thumbnail-Coser-年年Nnian-嫦娥仙子-17.webp,/home/zqh/Desktop/xiunice_scraper/downloads/p3_Coser_年年Nnian _ 嫦娥仙子 49P 4K.webp,是,49,49
3,Coser@年年Nnian – 妖姬 43P 4K,https://xiunice.com/coser%e5%b9%b4%e5%b9%b4nnian-%e5%a6%96%e5%a7%ac-43p-4k,https://xiunice.com/wp-content/uploads/2024/thumbnail-Coser-年年Nnian-妖姬-23.webp,/home/zqh/Desktop/xiunice_scraper/downloads/p3_Coser_年年Nnian _ 妖姬 43P 4K.webp,是,43,43
3,Coser@年年Nnian – 奶牛女仆装 37P 4K,https://xiunice.com/coser%e5%b9%b4%e5%b9%b4nnian-%e5%a5%b6%e7%89%9b%e5%a5%b3%e4%bb%86%e8%a3%85-37p-4k,https://xiunice.com/wp-content/uploads/2024/thumbnail-Coser-年年Nnian-奶牛女仆装-27.webp,/home/zqh/Desktop/xiunice_scraper/downloads/p3_Coser_年年Nnian _ 奶牛女仆装 37P 4K.webp,是,37,37
3,Coser@年年Nnian – 夜 54P 4K,https://xiunice.com/coser%e5%b9%b4%e5%b9%b4nnian-%e5%a4%9c-54p-4k,https://xiunice.com/wp-content/uploads/2024/thumbnail-Coser-年年Nnian-夜-54.webp,/home/zqh/Desktop/xiunice_scraper/downloads/p3_Coser_年年Nnian _ 夜 54P 4K.webp,是,54,54
3,Coser@年年Nnian – 夏日限定泳池 49P 4K,https://xiunice.com/coser%e5%b9%b4%e5%b9%b4nnian-%e5%a4%8f%e6%97%a5%e9%99%90%e5%ae%9a%e6%b3%b3%e6%b1%a0-49p-4k,https://xiunice.com/wp-content/uploads/2024/thumbnail-Coser-年年Nnian-夏日限定泳池-33.webp,/home/zqh/Desktop/xiunice_scraper/downloads/p3_Coser_年年Nnian _ 夏日限定泳池 49P 4K.webp,是,49,49
3,Coser@年年Nnian – 夏日精灵 58P 4K,https://xiunice.com/coser%e5%b9%b4%e5%b9%b4nnian-%e5%a4%8f%e6%97%a5%e7%b2%be%e7%81%b5-58p-4k,https://xiunice.com/wp-content/uploads/2024/thumbnail-Coser-年年Nnian-夏日精灵-45.webp,/home/zqh/Desktop/xiunice_scraper/downloads/p3_Coser_年年Nnian _ 夏日精灵 58P 4K.webp,是,58,58
3,Coser@年年Nnian – 夏令时 38P 4K,https://xiunice.com/coser%e5%b9%b4%e5%b9%b4nnian-%e5%a4%8f%e4%bb%a4%e6%97%b6-38p-4k,https://xiunice.com/wp-content/uploads/2024/thumbnail-Coser-年年Nnian-夏令时-27.webp,/home/zqh/Desktop/xiunice_scraper/downloads/p3_Coser_年年Nnian _ 夏令时 38P 4K.webp,是,38,38
3,Coser@年年Nnian – 地狱吹雪 50P 4K,https://xiunice.com/coser%e5%b9%b4%e5%b9%b4nnian-%e5%9c%b0%e7%8b%b1%e5%90%b9%e9%9b%aa-50p-4k,https://xiunice.com/wp-content/uploads/2024/thumbnail-Coser-年年Nnian-地狱吹雪-12.webp,/home/zqh/Desktop/xiunice_scraper/downloads/p3_Coser_年年Nnian _ 地狱吹雪 50P 4K.webp,是,50,50
3,Coser@年年Nnian – 圣诞2023 50P 4K,https://xiunice.com/coser%e5%b9%b4%e5%b9%b4nnian-%e5%9c%a3%e8%af%9e2023-50p-4k,https://xiunice.com/wp-content/uploads/2024/thumbnail-Coser-年年Nnian-圣诞2023-14.webp,/home/zqh/Desktop/xiunice_scraper/downloads/p3_Coser_年年Nnian _ 圣诞2023 50P 4K.webp,是,50,50
3,Coser@年年Nnian – 吊带 45P 4K,https://xiunice.com/coser%e5%b9%b4%e5%b9%b4nnian-%e5%90%8a%e5%b8%a6-45p-4k,https://xiunice.com/wp-content/uploads/2024/thumbnail-Coser-年年Nnian-吊带-34.webp,/home/zqh/Desktop/xiunice_scraper/downloads/p3_Coser_年年Nnian _ 吊带 45P 4K.webp,是,45,45
3,Coser@年年Nnian – 吉祥雪兆丰年 30P 4K,https://xiunice.com/coser%e5%b9%b4%e5%b9%b4nnian-%e5%90%89%e7%a5%a5%e9%9b%aa%e5%85%86%e4%b8%b0%e5%b9%b4-30p-4k,https://xiunice.com/wp-content/uploads/2024/thumbnail-Coser-年年Nnian-吉祥雪兆丰年-27.webp,/home/zqh/Desktop/xiunice_scraper/downloads/p3_Coser_年年Nnian _ 吉祥雪兆丰年 30P 4K.webp,是,30,30
3,Coser@年年Nnian – 叶红 39P 4K,https://xiunice.com/coser%e5%b9%b4%e5%b9%b4nnian-%e5%8f%b6%e7%ba%a2-39p-4k,https://xiunice.com/wp-content/uploads/2024/thumbnail-Coser-年年Nnian-叶红-14.webp,/home/zqh/Desktop/xiunice_scraper/downloads/p3_Coser_年年Nnian _ 叶红 39P 4K.webp,是,39,39
3,Coser@年年Nnian – 厨娘 36P 4K,https://xiunice.com/coser%e5%b9%b4%e5%b9%b4nnian-%e5%8e%a8%e5%a8%98-36p-4k,https://xiunice.com/wp-content/uploads/2024/thumbnail-Coser-年年Nnian-厨娘-25.webp,/home/zqh/Desktop/xiunice_scraper/downloads/p3_Coser_年年Nnian _ 厨娘 36P 4K.webp,是,36,36
4,Coser@年年Nnian – 农历新年快乐 50P 4K,https://xiunice.com/coser%e5%b9%b4%e5%b9%b4nnian-%e5%86%9c%e5%8e%86%e6%96%b0%e5%b9%b4%e5%bf%ab%e4%b9%90-50p-4k,https://xiunice.com/wp-content/uploads/2024/thumbnail-Coser-年年Nnian-农历新年快乐-35.webp,/home/zqh/Desktop/xiunice_scraper/downloads/p4_Coser_年年Nnian _ 农历新年快乐 50P 4K.webp,是,50,50
4,Coser@年年Nnian – 光与年 41P 4K,https://xiunice.com/coser%e5%b9%b4%e5%b9%b4nnian-%e5%85%89%e4%b8%8e%e5%b9%b4-41p-4k,https://xiunice.com/wp-content/uploads/2024/thumbnail-Coser-年年Nnian-光与年-34.webp,/home/zqh/Desktop/xiunice_scraper/downloads/p4_Coser_年年Nnian _ 光与年 41P 4K.webp,是,41,41
4,Coser@年年Nnian – 元宵节 50P 4K,https://xiunice.com/coser%e5%b9%b4%e5%b9%b4nnian-%e5%85%83%e5%ae%b5%e8%8a%82-50p-4k,https://xiunice.com/wp-content/uploads/2024/thumbnail-Coser-年年Nnian-元宵节-11.webp,/home/zqh/Desktop/xiunice_scraper/downloads/p4_Coser_年年Nnian _ 元宵节 50P 4K.webp,是,50,50
4,Coser@年年Nnian – 休闲时光 45P 4K,https://xiunice.com/coser%e5%b9%b4%e5%b9%b4nnian-%e4%bc%91%e9%97%b2%e6%97%b6%e5%85%89-45p-4k,https://xiunice.com/wp-content/uploads/2024/thumbnail-Coser-年年Nnian-休闲时光-15.webp,/home/zqh/Desktop/xiunice_scraper/downloads/p4_Coser_年年Nnian _ 休闲时光 45P 4K.webp,是,45,45
4,Coser@年年Nnian – 下午茶 43P 4K,https://xiunice.com/coser%e5%b9%b4%e5%b9%b4nnian-%e4%b8%8b%e5%8d%88%e8%8c%b6-43p-4k,https://xiunice.com/wp-content/uploads/2024/thumbnail-Coser-年年Nnian-下午茶-28.webp,/home/zqh/Desktop/xiunice_scraper/downloads/p4_Coser_年年Nnian _ 下午茶 43P 4K.webp,是,43,43
4,Coser@年年Nnian – 三沐三熏 52P 4K,https://xiunice.com/coser%e5%b9%b4%e5%b9%b4nnian-%e4%b8%89%e6%b2%90%e4%b8%89%e7%86%8f-52p-4k,https://xiunice.com/wp-content/uploads/2024/thumbnail-Coser-年年Nnian-三沐三熏-50.webp,/home/zqh/Desktop/xiunice_scraper/downloads/p4_Coser_年年Nnian _ 三沐三熏 52P 4K.webp,是,52,52
4,Coser@年年Nnian – 三月花 51P 4K,https://xiunice.com/coser%e5%b9%b4%e5%b9%b4nnian-%e4%b8%89%e6%9c%88%e8%8a%b1-51p-4k,https://xiunice.com/wp-content/uploads/2024/thumbnail-Coser-年年Nnian-三月花-14.webp,/home/zqh/Desktop/xiunice_scraper/downloads/p4_Coser_年年Nnian _ 三月花 51P 4K.webp,是,51,51
4,Coser@年年Nnian – Nature 55P 4K,https://xiunice.com/coser%e5%b9%b4%e5%b9%b4nnian-nature-55p-4k,https://xiunice.com/wp-content/uploads/2024/thumbnail-Coser-年年Nnian-Nature-39.webp,/home/zqh/Desktop/xiunice_scraper/downloads/p4_Coser_年年Nnian _ Nature 55P 4K.webp,是,55,55
4,Coser@年年Nnian – Mu Qiu 44P 4K,https://xiunice.com/coser%e5%b9%b4%e5%b9%b4nnian-mu-qiu-44p-4k,https://xiunice.com/wp-content/uploads/2024/thumbnail-Coser-年年Nnian-Mu-Qiu-41.webp,/home/zqh/Desktop/xiunice_scraper/downloads/p4_Coser_年年Nnian _ Mu Qiu 44P 4K.webp,是,44,44
4,Coser@年年Nnian – More Than Every Year 39P 4K,https://xiunice.com/coser%e5%b9%b4%e5%b9%b4nnian-more-than-every-year-39p-4k,https://xiunice.com/wp-content/uploads/2024/thumbnail-Coser-年年Nnian-More-Than-Every-Year-33.webp,/home/zqh/Desktop/xiunice_scraper/downloads/p4_Coser_年年Nnian _ More Than Ever.webp,是,39,39
4,Coser@年年Nnian – Meow Girl 34P 4K,https://xiunice.com/coser%e5%b9%b4%e5%b9%b4nnian-meow-girl-34p-4k,https://xiunice.com/wp-content/uploads/2024/thumbnail-Coser-年年Nnian-Meow-Girl-21.webp,/home/zqh/Desktop/xiunice_scraper/downloads/p4_Coser_年年Nnian _ Meow Girl 34P .webp,是,34,34
4,Coser@年年Nnian – Meme Tea 44P 4K,https://xiunice.com/coser%e5%b9%b4%e5%b9%b4nnian-meme-tea-44p-4k,https://xiunice.com/wp-content/uploads/2024/thumbnail-Coser-年年Nnian-Meme-Tea-38.webp,/home/zqh/Desktop/xiunice_scraper/downloads/p4_Coser_年年Nnian _ Meme Tea 44P 4.webp,是,44,44
4,Coser@年年Nnian – Like a Dream Order 40P 4K,https://xiunice.com/coser%e5%b9%b4%e5%b9%b4nnian-like-a-dream-order-40p-4k,https://xiunice.com/wp-content/uploads/2024/thumbnail-Coser-年年Nnian-Like-a-Dream-Order-11.webp,/home/zqh/Desktop/xiunice_scraper/downloads/p4_Coser_年年Nnian _ Like a Dream O.webp,是,40,40
4,Coser@年年Nnian – July 40P 4K,https://xiunice.com/coser%e5%b9%b4%e5%b9%b4nnian-july-40p-4k,https://xiunice.com/wp-content/uploads/2024/thumbnail-Coser-年年Nnian-July-6.webp,/home/zqh/Desktop/xiunice_scraper/downloads/p4_Coser_年年Nnian _ July 40P 4K.webp,是,40,40
4,Coser@年年Nnian – [A版]以爱之名 51P 4K,https://xiunice.com/coser%e5%b9%b4%e5%b9%b4nnian-a%e7%89%88%e4%bb%a5%e7%88%b1%e4%b9%8b%e5%90%8d-51p-4k,https://xiunice.com/wp-content/uploads/2024/thumbnail-Coser-年年Nnian-A版以爱之名-43.webp,/home/zqh/Desktop/xiunice_scraper/downloads/p4_Coser_年年Nnian _ _A版_以爱之名 51P 4.webp,是,51,51
