url,title,download_dir,downloaded_at,total_images,success_images
https://xiunice.com/xiuren%e7%a7%80%e4%ba%ba%e7%bd%91-4k-no-11293-yin-tian-tian-%e5%b0%b9%e7%94%9c%e7%94%9c-77p,Xiuren秀人网 4K No.11293 Yin Tian Tian 尹甜甜 77P,/home/zqh/Desktop/xiunice_scraper/yintiantian/images/p1_Xiuren秀人网 4K No.11293 Yin Tian Tian 尹甜甜 77P,2026-05-31T15:00:00,77,77
https://xiunice.com/xiuren%e7%a7%80%e4%ba%ba%e7%bd%91-4k-no-11262-yin-tian-tian-%e5%b0%b9%e7%94%9c%e7%94%9c-57p,Xiuren秀人网 4K No.11262 Yin Tian Tian 尹甜甜 57P,/home/zqh/Desktop/xiunice_scraper/yintiantian/images/p1_Xiuren秀人网 4K No.11262 Yin Tian Tian 尹甜甜 57P,2026-05-31T15:00:00,57,57
https://xiunice.com/xiuren%e7%a7%80%e4%ba%ba%e7%bd%91-4k-no-11241-yin-tian-tian-%e5%b0%b9%e7%94%9c%e7%94%9c-61p,Xiuren秀人网 4K No.11241 Yin Tian Tian 尹甜甜 61P,/home/zqh/Desktop/xiunice_scraper/yintiantian/images/p1_Xiuren秀人网 4K No.11241 Yin Tian Tian 尹甜甜 61P,2026-05-31T15:00:00,61,61
https://xiunice.com/xiuren%e7%a7%80%e4%ba%ba%e7%bd%91-4k-no-11190-yin-tian-tian-%e5%b0%b9%e7%94%9c%e7%94%9c-66p,Xiuren秀人网 4K No.11190 Yin Tian Tian 尹甜甜 66P,/home/zqh/Desktop/xiunice_scraper/yintiantian/images/p1_Xiuren秀人网 4K No.11190 Yin Tian Tian 尹甜甜 66P,2026-05-31T15:00:00,66,66
https://xiunice.com/xiuren%e7%a7%80%e4%ba%ba%e7%bd%91-4k-no-11157-%e5%b0%b9%e7%94%9c%e7%94%9c-51p,Xiuren秀人网 4K No.11157 尹甜甜 51P,/home/zqh/Desktop/xiunice_scraper/yintiantian/images/p1_Xiuren秀人网 4K No.11157 尹甜甜 51P,2026-05-31T15:00:00,51,51
https://xiunice.com/xiuren%e7%a7%80%e4%ba%ba%e7%bd%91-4k-no-11126-%e5%b0%b9%e7%94%9c%e7%94%9c-68p,Xiuren秀人网 4K No.11126 尹甜甜 68P,/home/zqh/Desktop/xiunice_scraper/yintiantian/images/p1_Xiuren秀人网 4K No.11126 尹甜甜 68P,2026-05-31T15:00:00,68,68
https://xiunice.com/xiuren%e7%a7%80%e4%ba%ba%e7%bd%91-4k-no-11098-yin-tian-tian-%e5%b0%b9%e7%94%9c%e7%94%9csunny-62p,Xiuren秀人网 4K No.11098 Yin Tian Tian 尹甜甜sunny 62P,/home/zqh/Desktop/xiunice_scraper/yintiantian/images/p1_Xiuren秀人网 4K No.11098 Yin Tian Tian 尹甜甜sunny 62P,2026-05-31T15:00:00,62,62
https://xiunice.com/xiuren%e7%a7%80%e4%ba%ba%e7%bd%91-4k-no-11068-yin-tian-tian-%e5%b0%b9%e7%94%9c%e7%94%9csunny-56p,Xiuren秀人网 4K No.11068 Yin Tian Tian 尹甜甜sunny 56P,/home/zqh/Desktop/xiunice_scraper/yintiantian/images/p1_Xiuren秀人网 4K No.11068 Yin Tian Tian 尹甜甜sunny 56P,2026-05-31T15:00:00,56,56
https://xiunice.com/xiuren%e7%a7%80%e4%ba%ba%e7%bd%91-4k-no-11031-yin-tian-tian-%e5%b0%b9%e7%94%9c%e7%94%9csunny-53p,Xiuren秀人网 4K No.11031 Yin Tian Tian 尹甜甜sunny 53P,/home/zqh/Desktop/xiunice_scraper/yintiantian/images/p1_Xiuren秀人网 4K No.11031 Yin Tian Tian 尹甜甜sunny 53P,2026-05-31T15:00:00,53,53
https://xiunice.com/xiuren%e7%a7%80%e4%ba%ba%e7%bd%91-4k-no-11012-yin-tian-tian-%e5%b0%b9%e7%94%9c%e7%94%9csunny-78p,Xiuren秀人网 4K No.11012 Yin Tian Tian 尹甜甜sunny 78P,/home/zqh/Desktop/xiunice_scraper/yintiantian/images/p1_Xiuren秀人网 4K No.11012 Yin Tian Tian 尹甜甜sunny 78P,2026-05-31T15:00:00,78,78
https://xiunice.com/xiuren%e7%a7%80%e4%ba%ba%e7%bd%91-4k-no-10983-%e5%b0%b9%e7%94%9c%e7%94%9csunny-84p,Xiuren秀人网 4K No.10983 尹甜甜sunny 84P,/home/zqh/Desktop/xiunice_scraper/yintiantian/images/p1_Xiuren秀人网 4K No.10983 尹甜甜sunny 84P,2026-05-31T15:00:00,84,84
https://xiunice.com/xiuren%e7%a7%80%e4%ba%ba%e7%bd%91-4k-no-10957-yin-tian-tian-%e5%b0%b9%e7%94%9c%e7%94%9csunny-61p,Xiuren秀人网 4K No.10957 Yin Tian Tian 尹甜甜sunny 61P,/home/zqh/Desktop/xiunice_scraper/yintiantian/images/p1_Xiuren秀人网 4K No.10957 Yin Tian Tian 尹甜甜sunny 61P,2026-05-31T15:00:00,61,61
https://xiunice.com/xiuren%e7%a7%80%e4%ba%ba%e7%bd%91-4k-no-10931-yin-tian-tian-%e5%b0%b9%e7%94%9c%e7%94%9csunny-72p,Xiuren秀人网 4K No.10931 Yin Tian Tian 尹甜甜sunny 72P,/home/zqh/Desktop/xiunice_scraper/yintiantian/images/p1_Xiuren秀人网 4K No.10931 Yin Tian Tian 尹甜甜sunny 72P,2026-05-31T15:00:00,72,72
https://xiunice.com/xiuren%e7%a7%80%e4%ba%ba%e7%bd%91-4k-no-10902-yin-tian-tian-%e5%b0%b9%e7%94%9c%e7%94%9csunny-61p,Xiuren秀人网 4K No.10902 Yin Tian Tian 尹甜甜sunny 61P,/home/zqh/Desktop/xiunice_scraper/yintiantian/images/p1_Xiuren秀人网 4K No.10902 Yin Tian Tian 尹甜甜sunny 61P,2026-05-31T15:00:00,61,61
https://xiunice.com/xiuren%e7%a7%80%e4%ba%ba%e7%bd%91-4k-no-10879-yin-tian-tian-%e5%b0%b9%e7%94%9c%e7%94%9csunny-83p,Xiuren秀人网 4K No.10879 Yin Tian Tian 尹甜甜sunny 83P,/home/zqh/Desktop/xiunice_scraper/yintiantian/images/p1_Xiuren秀人网 4K No.10879 Yin Tian Tian 尹甜甜sunny 83P,2026-05-31T15:00:00,83,83
https://xiunice.com/xiuren%e7%a7%80%e4%ba%ba%e7%bd%91-4k-no-10842-yin-tian-tian-%e5%b0%b9%e7%94%9c%e7%94%9csunny-66p,Xiuren秀人网 4K No.10842 Yin Tian Tian 尹甜甜sunny 66P,/home/zqh/Desktop/xiunice_scraper/yintiantian/images/p1_Xiuren秀人网 4K No.10842 Yin Tian Tian 尹甜甜sunny 66P,2026-05-31T15:00:00,66,66
https://xiunice.com/xiuren%e7%a7%80%e4%ba%ba%e7%bd%91-4k-no-10834-yin-tian-tian-%e5%b0%b9%e7%94%9c%e7%94%9csunny-84p,Xiuren秀人网 4K No.10834 Yin Tian Tian 尹甜甜sunny 84P,/home/zqh/Desktop/xiunice_scraper/yintiantian/images/p1_Xiuren秀人网 4K No.10834 Yin Tian Tian 尹甜甜sunny 84P,2026-05-31T15:00:00,84,84
https://xiunice.com/xiuren%e7%a7%80%e4%ba%ba%e7%bd%91-4k-no-10802-yin-tian-tian-%e5%b0%b9%e7%94%9c%e7%94%9csunny-89p,Xiuren秀人网 4K No.10802 Yin Tian Tian 尹甜甜Sunny 89P,/home/zqh/Desktop/xiunice_scraper/yintiantian/images/p1_Xiuren秀人网 4K No.10802 Yin Tian Tian 尹甜甜Sunny 89P,2026-05-31T15:00:00,89,89
https://xiunice.com/xiuren%e7%a7%80%e4%ba%ba%e7%bd%91-4k-no-10783-yin-tian-tian-%e5%b0%b9%e7%94%9c%e7%94%9csunny-63p,Xiuren秀人网 4K No.10783 Yin Tian Tian 尹甜甜sunny 63P,/home/zqh/Desktop/xiunice_scraper/yintiantian/images/p1_Xiuren秀人网 4K No.10783 Yin Tian Tian 尹甜甜sunny 63P,2026-05-31T15:00:00,63,63
https://xiunice.com/xiuren%e7%a7%80%e4%ba%ba%e7%bd%91-4k-no-10756-yin-tian-tian-%e5%b0%b9%e7%94%9c%e7%94%9csunny-61p,Xiuren秀人网 4K No.10756 Yin Tian Tian 尹甜甜sunny 61P,/home/zqh/Desktop/xiunice_scraper/yintiantian/images/p1_Xiuren秀人网 4K No.10756 Yin Tian Tian 尹甜甜sunny 61P,2026-05-31T15:00:00,61,61
https://xiunice.com/xiuren%e7%a7%80%e4%ba%ba%e7%bd%91-4k-no-10728-yin-tian-tian-%e5%b0%b9%e7%94%9c%e7%94%9c-70p,Xiuren秀人网 4K No.10728 Yin Tian Tian 尹甜甜 70P,/home/zqh/Desktop/xiunice_scraper/yintiantian/images/p1_Xiuren秀人网 4K No.10728 Yin Tian Tian 尹甜甜 70P,2026-05-31T15:00:00,70,70
https://xiunice.com/xiuren%e7%a7%80%e4%ba%ba%e7%bd%91-4k-no-10703-yin-tian-tian-%e5%b0%b9%e7%94%9c%e7%94%9c-81p,Xiuren秀人网 4K No.10703 Yin Tian Tian 尹甜甜 81P,/home/zqh/Desktop/xiunice_scraper/yintiantian/images/p1_Xiuren秀人网 4K No.10703 Yin Tian Tian 尹甜甜 81P,2026-05-31T15:00:00,81,81
https://xiunice.com/xiuren%e7%a7%80%e4%ba%ba%e7%bd%91-4k-no-10680-yin-tian-tian-%e5%b0%b9%e7%94%9c%e7%94%9c-64p,Xiuren秀人网 4K No.10680 Yin Tian Tian 尹甜甜 64P,/home/zqh/Desktop/xiunice_scraper/yintiantian/images/p1_Xiuren秀人网 4K No.10680 Yin Tian Tian 尹甜甜 64P,2026-05-31T15:00:00,64,64
https://xiunice.com/xiuren%e7%a7%80%e4%ba%ba%e7%bd%91-4k-no-10654-yin-tian-tian-%e5%b0%b9%e7%94%9c%e7%94%9c-55p,Xiuren秀人网 4K No.10654 Yin Tian Tian 尹甜甜 55P,/home/zqh/Desktop/xiunice_scraper/yintiantian/images/p1_Xiuren秀人网 4K No.10654 Yin Tian Tian 尹甜甜 55P,2026-05-31T15:00:00,55,55
https://xiunice.com/xiuren%e7%a7%80%e4%ba%ba%e7%bd%91-4k-no-10629-yin-tian-tian-%e5%b0%b9%e7%94%9c%e7%94%9c-79p,Xiuren秀人网 4K No.10629 Yin Tian Tian 尹甜甜 79P,/home/zqh/Desktop/xiunice_scraper/yintiantian/images/p2_Xiuren秀人网 4K No.10629 Yin Tian Tian 尹甜甜 79P,2026-05-31T15:00:00,79,79
https://xiunice.com/xiuren%e7%a7%80%e4%ba%ba%e7%bd%91-4k-no-10604-yin-tian-tian-%e5%b0%b9%e7%94%9c%e7%94%9c-81p,Xiuren秀人网 4K No.10604 Yin Tian Tian 尹甜甜 81P,/home/zqh/Desktop/xiunice_scraper/yintiantian/images/p2_Xiuren秀人网 4K No.10604 Yin Tian Tian 尹甜甜 81P,2026-05-31T15:00:00,81,81
https://xiunice.com/xiuren%e7%a7%80%e4%ba%ba%e7%bd%91-4k-no-10578-yin-tian-tian-%e5%b0%b9%e7%94%9c%e7%94%9c-70p,Xiuren秀人网 4K No.10578 Yin Tian Tian 尹甜甜 70P,/home/zqh/Desktop/xiunice_scraper/yintiantian/images/p2_Xiuren秀人网 4K No.10578 Yin Tian Tian 尹甜甜 70P,2026-05-31T15:00:00,70,70
https://xiunice.com/xiuren-uncensored-4k-yin-tian-tian-%e5%b0%b9%e7%94%9c%e7%94%9c-r18-%e7%a7%80%e4%ba%ba%e7%bd%91%e6%a8%a1%e7%89%b9-%e6%ba%aa%e6%b0%b4%e8%be%b9-73p,Xiuren Uncensored 4K Yin Tian Tian 尹甜甜 – R18 秀人网模特 溪水边 73P,/home/zqh/Desktop/xiunice_scraper/yintiantian/images/p2_Xiuren Uncensored 4K Yin Tian Tian 尹甜甜 – R18 秀人网模特 溪水边 73P,2026-05-31T15:00:00,73,73
https://xiunice.com/xiuren%e7%a7%80%e4%ba%ba%e7%bd%91-no-8931-%e5%b0%b9%e7%94%9c%e7%94%9c-98p-4k,Xiuren秀人网 No.8931 尹甜甜 98P 4K,/home/zqh/Desktop/xiunice_scraper/yintiantian/images/p2_Xiuren秀人网 No.8931 尹甜甜 98P 4K,2026-05-31T15:00:00,99,99
https://xiunice.com/xiuren%e7%a7%80%e4%ba%ba%e7%bd%91-no-8871-%e5%b0%b9%e7%94%9c%e7%94%9c-92p-4k,Xiuren秀人网 No.8871 尹甜甜 92P 4K,/home/zqh/Desktop/xiunice_scraper/yintiantian/images/p2_Xiuren秀人网 No.8871 尹甜甜 92P 4K,2026-05-31T15:00:00,93,93
https://xiunice.com/xiuren%e7%a7%80%e4%ba%ba%e7%bd%91-no-8041-%e5%b0%b9%e7%94%9c%e7%94%9c-71p-4k,Xiuren秀人网 No.8041 尹甜甜 71P 4K,/home/zqh/Desktop/xiunice_scraper/yintiantian/images/p2_Xiuren秀人网 No.8041 尹甜甜 71P 4K,2026-05-31T15:00:00,72,72
https://xiunice.com/xiuren%e7%a7%80%e4%ba%ba%e7%bd%91-no-7926-%e5%b0%b9%e7%94%9c%e7%94%9c-72p-4k,Xiuren秀人网 No.7926 尹甜甜 72P 4K,/home/zqh/Desktop/xiunice_scraper/yintiantian/images/p2_Xiuren秀人网 No.7926 尹甜甜 72P 4K,2026-05-31T15:00:00,73,73
https://xiunice.com/xiuren%e7%a7%80%e4%ba%ba%e7%bd%91-no-7758-yin-tian-tian-%e5%b0%b9%e7%94%9c%e7%94%9c-81p-4k,Xiuren秀人网 No.7758 Yin Tian Tian (尹甜甜) 81P 4K,/home/zqh/Desktop/xiunice_scraper/yintiantian/images/p2_Xiuren秀人网 No.7758 Yin Tian Tian (尹甜甜) 81P 4K,2026-05-31T15:00:00,81,81
https://xiunice.com/xiuren%e7%a7%80%e4%ba%ba%e7%bd%91-no-7700-%e5%b0%b9%e7%94%9c%e7%94%9c-75p-4k,Xiuren秀人网 No.7700 尹甜甜 75P 4K,/home/zqh/Desktop/xiunice_scraper/yintiantian/images/p2_Xiuren秀人网 No.7700 尹甜甜 75P 4K,2026-05-31T15:00:00,76,76
https://xiunice.com/xiuren%e7%a7%80%e4%ba%ba%e7%bd%91-no-7593-%e5%b0%b9%e7%94%9c%e7%94%9c-71p-4k,Xiuren秀人网 No.7593 尹甜甜 71P 4K,/home/zqh/Desktop/xiunice_scraper/yintiantian/images/p2_Xiuren秀人网 No.7593 尹甜甜 71P 4K,2026-05-31T15:00:00,72,72
https://xiunice.com/xiuren%e7%a7%80%e4%ba%ba%e7%bd%91-no-7564-%e5%b0%b9%e7%94%9c%e7%94%9c-69p-4k,Xiuren秀人网 No.7564 尹甜甜 69P 4K,/home/zqh/Desktop/xiunice_scraper/yintiantian/images/p2_Xiuren秀人网 No.7564 尹甜甜 69P 4K,2026-05-31T15:00:00,70,70
https://xiunice.com/xiuren%e7%a7%80%e4%ba%ba%e7%bd%91-no-7531-%e5%b0%b9%e7%94%9c%e7%94%9c-63p-4k,Xiuren秀人网 No.7531 尹甜甜 63P 4K,/home/zqh/Desktop/xiunice_scraper/yintiantian/images/p2_Xiuren秀人网 No.7531 尹甜甜 63P 4K,2026-05-31T15:00:00,64,64
https://xiunice.com/xiuren%e7%a7%80%e4%ba%ba%e7%bd%91-no-7485-%e5%b0%b9%e7%94%9c%e7%94%9c-63p-4k,Xiuren秀人网 No.7485 尹甜甜 63P 4K,/home/zqh/Desktop/xiunice_scraper/yintiantian/images/p2_Xiuren秀人网 No.7485 尹甜甜 63P 4K,2026-05-31T15:00:00,64,64
https://xiunice.com/xiuren%e7%a7%80%e4%ba%ba%e7%bd%91-no-7294-%e5%b0%b9%e7%94%9c%e7%94%9c-67p-4k,Xiuren秀人网 No.7294 尹甜甜 67P 4K,/home/zqh/Desktop/xiunice_scraper/yintiantian/images/p2_Xiuren秀人网 No.7294 尹甜甜 67P 4K,2026-05-31T15:00:00,68,68
https://xiunice.com/xiuren%e7%a7%80%e4%ba%ba%e7%bd%91-no-7168-%e5%b0%b9%e7%94%9c%e7%94%9c-46p-4k,Xiuren秀人网 No.7168 尹甜甜 46P 4K,/home/zqh/Desktop/xiunice_scraper/yintiantian/images/p2_Xiuren秀人网 No.7168 尹甜甜 46P 4K,2026-05-31T15:00:00,47,47
https://xiunice.com/xiuren%e7%a7%80%e4%ba%ba%e7%bd%91-no-7124-%e5%b0%b9%e7%94%9c%e7%94%9c-62p-4k,Xiuren秀人网 No.7124 尹甜甜 62P 4K,/home/zqh/Desktop/xiunice_scraper/yintiantian/images/p2_Xiuren秀人网 No.7124 尹甜甜 62P 4K,2026-05-31T15:00:00,63,63
https://xiunice.com/xiuren%e7%a7%80%e4%ba%ba%e7%bd%91-no-6920-%e5%b0%b9%e7%94%9c%e7%94%9c-82p-4k,Xiuren秀人网 No.6920 尹甜甜 82P 4K,/home/zqh/Desktop/xiunice_scraper/yintiantian/images/p2_Xiuren秀人网 No.6920 尹甜甜 82P 4K,2026-05-31T15:00:00,83,83
https://xiunice.com/xiuren%e7%a7%80%e4%ba%ba%e7%bd%91-no-6865-%e5%b0%b9%e7%94%9c%e7%94%9c-85p-4k,Xiuren秀人网 No.6865 尹甜甜 85P 4K,/home/zqh/Desktop/xiunice_scraper/yintiantian/images/p2_Xiuren秀人网 No.6865 尹甜甜 85P 4K,2026-05-31T15:00:00,86,86
https://xiunice.com/xiuren%e7%a7%80%e4%ba%ba%e7%bd%91-no-6819-%e5%b0%b9%e7%94%9c%e7%94%9c-70p-4k,Xiuren秀人网 No.6819 尹甜甜 70P 4K,/home/zqh/Desktop/xiunice_scraper/yintiantian/images/p2_Xiuren秀人网 No.6819 尹甜甜 70P 4K,2026-05-31T15:00:00,71,71
https://xiunice.com/xiuren%e7%a7%80%e4%ba%ba%e7%bd%91-no-6751-%e5%b0%b9%e7%94%9c%e7%94%9c-66p-4k,Xiuren秀人网 No.6751 尹甜甜 66P 4K,/home/zqh/Desktop/xiunice_scraper/yintiantian/images/p2_Xiuren秀人网 No.6751 尹甜甜 66P 4K,2026-05-31T15:00:00,67,67
https://xiunice.com/xiuren%e7%a7%80%e4%ba%ba%e7%bd%91-no-6696-%e5%b0%b9%e7%94%9c%e7%94%9c-57p-4k,Xiuren秀人网 No.6696 尹甜甜 57P 4K,/home/zqh/Desktop/xiunice_scraper/yintiantian/images/p2_Xiuren秀人网 No.6696 尹甜甜 57P 4K,2026-05-31T15:00:00,58,58
https://xiunice.com/xiuren%e7%a7%80%e4%ba%ba%e7%bd%91-no-6617-%e5%b0%b9%e7%94%9c%e7%94%9c-51p-4k,Xiuren秀人网 No.6617 尹甜甜 51P 4K,/home/zqh/Desktop/xiunice_scraper/yintiantian/images/p2_Xiuren秀人网 No.6617 尹甜甜 51P 4K,2026-05-31T15:00:00,52,52
https://xiunice.com/xiuren%e7%a7%80%e4%ba%ba%e7%bd%91-no-6561-%e5%b0%b9%e7%94%9c%e7%94%9c-57p-4k,Xiuren秀人网 No.6561 尹甜甜 57P 4K,/home/zqh/Desktop/xiunice_scraper/yintiantian/images/p2_Xiuren秀人网 No.6561 尹甜甜 57P 4K,2026-05-31T15:00:00,58,58
https://xiunice.com/xiuren%e7%a7%80%e4%ba%ba%e7%bd%91-no-6520-%e5%b0%b9%e7%94%9c%e7%94%9c-76p-4k,Xiuren秀人网 No.6520 尹甜甜 76P 4K,/home/zqh/Desktop/xiunice_scraper/yintiantian/images/p3_Xiuren秀人网 No.6520 尹甜甜 76P 4K,2026-05-31T15:00:00,77,77
https://xiunice.com/xiuren%e7%a7%80%e4%ba%ba%e7%bd%91-no-6475-%e5%b0%b9%e7%94%9c%e7%94%9c-69p-4k,Xiuren秀人网 No.6475 尹甜甜 69P 4K,/home/zqh/Desktop/xiunice_scraper/yintiantian/images/p3_Xiuren秀人网 No.6475 尹甜甜 69P 4K,2026-05-31T15:00:00,70,70
https://xiunice.com/xiuren%e7%a7%80%e4%ba%ba%e7%bd%91-no-6303-%e5%b0%b9%e7%94%9c%e7%94%9c-54p-4k,Xiuren秀人网 No.6303 尹甜甜 54P 4K,/home/zqh/Desktop/xiunice_scraper/yintiantian/images/p3_Xiuren秀人网 No.6303 尹甜甜 54P 4K,2026-05-31T15:00:00,55,55
https://xiunice.com/xiuren%e7%a7%80%e4%ba%ba%e7%bd%91-no-6024-%e5%b0%b9%e7%94%9c%e7%94%9c-57p-4k,Xiuren秀人网 No.6024 尹甜甜 57P 4K,/home/zqh/Desktop/xiunice_scraper/yintiantian/images/p3_Xiuren秀人网 No.6024 尹甜甜 57P 4K,2026-05-31T15:00:00,58,58
https://xiunice.com/xiuren%e7%a7%80%e4%ba%ba%e7%bd%91-no-5990-%e5%b0%b9%e7%94%9c%e7%94%9c-65p-4k,Xiuren秀人网 No.5990 尹甜甜 65P 4K,/home/zqh/Desktop/xiunice_scraper/yintiantian/images/p3_Xiuren秀人网 No.5990 尹甜甜 65P 4K,2026-05-31T15:00:00,66,66
https://xiunice.com/xiuren%e7%a7%80%e4%ba%ba%e7%bd%91-no-5951-%e5%b0%b9%e7%94%9c%e7%94%9c-68p-4k,Xiuren秀人网 No.5951 尹甜甜 68P 4K,/home/zqh/Desktop/xiunice_scraper/yintiantian/images/p3_Xiuren秀人网 No.5951 尹甜甜 68P 4K,2026-05-31T15:00:00,69,69
https://xiunice.com/xiuren%e7%a7%80%e4%ba%ba%e7%bd%91-no-5898-%e5%b0%b9%e7%94%9c%e7%94%9c-54p-4k,Xiuren秀人网 No.5898 尹甜甜 54P 4K,/home/zqh/Desktop/xiunice_scraper/yintiantian/images/p3_Xiuren秀人网 No.5898 尹甜甜 54P 4K,2026-05-31T15:00:00,55,55
https://xiunice.com/xiuren%e7%a7%80%e4%ba%ba%e7%bd%91-no-5863-%e5%b0%b9%e7%94%9c%e7%94%9c-55p-4k,Xiuren秀人网 No.5863 尹甜甜 55P 4K,/home/zqh/Desktop/xiunice_scraper/yintiantian/images/p3_Xiuren秀人网 No.5863 尹甜甜 55P 4K,2026-05-31T15:00:00,56,56
https://xiunice.com/xiuren%e7%a7%80%e4%ba%ba%e7%bd%91-no-5828-%e5%b0%b9%e7%94%9c%e7%94%9c-58p-4k,Xiuren秀人网 No.5828 尹甜甜 58P 4K,/home/zqh/Desktop/xiunice_scraper/yintiantian/images/p3_Xiuren秀人网 No.5828 尹甜甜 58P 4K,2026-05-31T15:00:00,59,59
https://xiunice.com/xiuren%e7%a7%80%e4%ba%ba%e7%bd%91-no-5697-%e5%b0%b9%e7%94%9c%e7%94%9c-52p-4k,Xiuren秀人网 No.5697 尹甜甜 52P 4K,/home/zqh/Desktop/xiunice_scraper/yintiantian/images/p3_Xiuren秀人网 No.5697 尹甜甜 52P 4K,2026-05-31T15:00:00,53,53
https://xiunice.com/xiuren%e7%a7%80%e4%ba%ba%e7%bd%91-no-5642-%e5%b0%b9%e7%94%9c%e7%94%9c-54p-4k,Xiuren秀人网 No.5642 尹甜甜 54P 4K,/home/zqh/Desktop/xiunice_scraper/yintiantian/images/p3_Xiuren秀人网 No.5642 尹甜甜 54P 4K,2026-05-31T15:00:00,55,55
https://xiunice.com/xiuren%e7%a7%80%e4%ba%ba%e7%bd%91-no-5617-%e5%b0%b9%e7%94%9c%e7%94%9c-56p-4k,Xiuren秀人网 No.5617 尹甜甜 56P 4K,/home/zqh/Desktop/xiunice_scraper/yintiantian/images/p3_Xiuren秀人网 No.5617 尹甜甜 56P 4K,2026-05-31T15:00:00,57,57
https://xiunice.com/xiuren%e7%a7%80%e4%ba%ba%e7%bd%91-no-5584-%e5%b0%b9%e7%94%9c%e7%94%9c-63p-4k,Xiuren秀人网 No.5584 尹甜甜 63P 4K,/home/zqh/Desktop/xiunice_scraper/yintiantian/images/p3_Xiuren秀人网 No.5584 尹甜甜 63P 4K,2026-05-31T15:00:00,64,64
https://xiunice.com/xiuren%e7%a7%80%e4%ba%ba%e7%bd%91-no-5045-%e5%b0%b9%e7%94%9c%e7%94%9c-40p-4k,Xiuren秀人网 No.5045 尹甜甜 40P 4K,/home/zqh/Desktop/xiunice_scraper/yintiantian/images/p3_Xiuren秀人网 No.5045 尹甜甜 40P 4K,2026-05-31T15:00:00,41,41
https://xiunice.com/xiuren%e7%a7%80%e4%ba%ba%e7%bd%91-no-5013-yin-tian-tian-%e5%b0%b9%e7%94%9c%e7%94%9c-59p-4k,Xiuren秀人网 No.5013 Yin Tian Tian (尹甜甜) 59P 4K,/home/zqh/Desktop/xiunice_scraper/yintiantian/images/p3_Xiuren秀人网 No.5013 Yin Tian Tian (尹甜甜) 59P 4K,2026-05-31T15:00:00,60,60
https://xiunice.com/xiuren%e7%a7%80%e4%ba%ba%e7%bd%91-no-4932-yin-tian-tian-%e5%b0%b9%e7%94%9c%e7%94%9c-54p-4k,Xiuren秀人网 No.4932 Yin Tian Tian (尹甜甜) 54P 4K,/home/zqh/Desktop/xiunice_scraper/yintiantian/images/p3_Xiuren秀人网 No.4932 Yin Tian Tian (尹甜甜) 54P 4K,2026-05-31T15:00:00,55,55
https://xiunice.com/xiuren%e7%a7%80%e4%ba%ba%e7%bd%91-no-4881-yin-tian-tian-%e5%b0%b9%e7%94%9c%e7%94%9c-60p-4k,Xiuren秀人网 No.4881 Yin Tian Tian (尹甜甜) 60P 4K,/home/zqh/Desktop/xiunice_scraper/yintiantian/images/p3_Xiuren秀人网 No.4881 Yin Tian Tian (尹甜甜) 60P 4K,2026-05-31T15:00:00,61,61
https://xiunice.com/xiuren%e7%a7%80%e4%ba%ba%e7%bd%91-no-4837-%e5%b0%b9%e7%94%9c%e7%94%9c-64p-4k,Xiuren秀人网 No.4837 尹甜甜 64P 4K,/home/zqh/Desktop/xiunice_scraper/yintiantian/images/p3_Xiuren秀人网 No.4837 尹甜甜 64P 4K,2026-05-31T15:00:00,65,65
https://xiunice.com/xiuren%e7%a7%80%e4%ba%ba%e7%bd%91-no-4817-%e5%b0%b9%e7%94%9c%e7%94%9c-47p-4k,Xiuren秀人网 No.4817 尹甜甜 47P 4K,/home/zqh/Desktop/xiunice_scraper/yintiantian/images/p3_Xiuren秀人网 No.4817 尹甜甜 47P 4K,2026-05-31T15:00:00,48,48
https://xiunice.com/xiuren%e7%a7%80%e4%ba%ba%e7%bd%91-no-4795-%e5%b0%b9%e7%94%9c%e7%94%9c-57p-4k,Xiuren秀人网 No.4795 尹甜甜 57P 4K,/home/zqh/Desktop/xiunice_scraper/yintiantian/images/p3_Xiuren秀人网 No.4795 尹甜甜 57P 4K,2026-05-31T15:00:00,58,58
https://xiunice.com/xiuren%e7%a7%80%e4%ba%ba%e7%bd%91-no-4768-%e5%b0%b9%e7%94%9c%e7%94%9c-57p-4k,Xiuren秀人网 No.4768 尹甜甜 57P 4K,/home/zqh/Desktop/xiunice_scraper/yintiantian/images/p3_Xiuren秀人网 No.4768 尹甜甜 57P 4K,2026-05-31T15:00:00,58,58
https://xiunice.com/xiuren%e7%a7%80%e4%ba%ba%e7%bd%91-no-4730-%e5%b0%b9%e7%94%9c%e7%94%9c-50p-4k,Xiuren秀人网 No.4730 尹甜甜 50P 4K,/home/zqh/Desktop/xiunice_scraper/yintiantian/images/p3_Xiuren秀人网 No.4730 尹甜甜 50P 4K,2026-05-31T15:00:00,51,51
https://xiunice.com/xiuren%e7%a7%80%e4%ba%ba%e7%bd%91-no-4698-%e5%b0%b9%e7%94%9c%e7%94%9c-47p-4k,Xiuren秀人网 No.4698 尹甜甜 47P 4K,/home/zqh/Desktop/xiunice_scraper/yintiantian/images/p3_Xiuren秀人网 No.4698 尹甜甜 47P 4K,2026-05-31T15:00:00,48,48
https://xiunice.com/xiuren%e7%a7%80%e4%ba%ba%e7%bd%91-no-4650-%e5%b0%b9%e7%94%9c%e7%94%9c-57p-4k,Xiuren秀人网 No.4650 尹甜甜 57P 4K,/home/zqh/Desktop/xiunice_scraper/yintiantian/images/p3_Xiuren秀人网 No.4650 尹甜甜 57P 4K,2026-05-31T15:00:00,58,58
https://xiunice.com/xiuren%e7%a7%80%e4%ba%ba%e7%bd%91-no-4583-%e5%b0%b9%e7%94%9c%e7%94%9c-54p-4k,Xiuren秀人网 No.4583 尹甜甜 54P 4K,/home/zqh/Desktop/xiunice_scraper/yintiantian/images/p4_Xiuren秀人网 No.4583 尹甜甜 54P 4K,2026-05-31T15:00:00,57,57
https://xiunice.com/xiuren%e7%a7%80%e4%ba%ba%e7%bd%91-no-4549-%e5%b0%b9%e7%94%9c%e7%94%9c-52p-4k,Xiuren秀人网 No.4549 尹甜甜 52P 4K,/home/zqh/Desktop/xiunice_scraper/yintiantian/images/p4_Xiuren秀人网 No.4549 尹甜甜 52P 4K,2026-05-31T15:00:00,53,53
https://xiunice.com/xiuren%e7%a7%80%e4%ba%ba%e7%bd%91-no-4536-%e5%b0%b9%e7%94%9c%e7%94%9c-45p-4k,Xiuren秀人网 No.4536 尹甜甜 45P 4K,/home/zqh/Desktop/xiunice_scraper/yintiantian/images/p4_Xiuren秀人网 No.4536 尹甜甜 45P 4K,2026-05-31T15:00:00,46,46
https://xiunice.com/xiuren%e7%a7%80%e4%ba%ba%e7%bd%91-no-4508-%e5%b0%b9%e7%94%9c%e7%94%9c-50p-4k,Xiuren秀人网 No.4508 尹甜甜 50P 4K,/home/zqh/Desktop/xiunice_scraper/yintiantian/images/p4_Xiuren秀人网 No.4508 尹甜甜 50P 4K,2026-05-31T15:00:00,51,51
https://xiunice.com/xiuren%e7%a7%80%e4%ba%ba%e7%bd%91-no-4472-%e5%b0%b9%e7%94%9c%e7%94%9c-82p-4k,Xiuren秀人网 No.4472 尹甜甜 82P 4K,/home/zqh/Desktop/xiunice_scraper/yintiantian/images/p4_Xiuren秀人网 No.4472 尹甜甜 82P 4K,2026-05-31T15:00:00,83,83
https://xiunice.com/xiuren%e7%a7%80%e4%ba%ba%e7%bd%91-no-4448-%e5%b0%b9%e7%94%9c%e7%94%9c-53p-4k,Xiuren秀人网 No.4448 尹甜甜 53P 4K,/home/zqh/Desktop/xiunice_scraper/yintiantian/images/p4_Xiuren秀人网 No.4448 尹甜甜 53P 4K,2026-05-31T15:00:00,54,54
https://xiunice.com/xiuren%e7%a7%80%e4%ba%ba%e7%bd%91-no-4419-%e5%b0%b9%e7%94%9c%e7%94%9c-72p-4k,Xiuren秀人网 No.4419 尹甜甜 72P 4K,/home/zqh/Desktop/xiunice_scraper/yintiantian/images/p4_Xiuren秀人网 No.4419 尹甜甜 72P 4K,2026-05-31T15:00:00,73,73
https://xiunice.com/xiuren%e7%a7%80%e4%ba%ba%e7%bd%91-no-4357-%e5%b0%b9%e7%94%9c%e7%94%9c-60p-4k,Xiuren秀人网 No.4357 尹甜甜 60P 4K,/home/zqh/Desktop/xiunice_scraper/yintiantian/images/p4_Xiuren秀人网 No.4357 尹甜甜 60P 4K,2026-05-31T15:00:00,61,61
https://xiunice.com/xiuren%e7%a7%80%e4%ba%ba%e7%bd%91-no-4199-%e5%b0%b9%e7%94%9c%e7%94%9c-49p-4k,Xiuren秀人网 No.4199 尹甜甜 49P 4K,/home/zqh/Desktop/xiunice_scraper/yintiantian/images/p4_Xiuren秀人网 No.4199 尹甜甜 49P 4K,2026-05-31T15:00:00,50,50
https://xiunice.com/xiuren%e7%a7%80%e4%ba%ba%e7%bd%91-no-4170-%e5%b0%b9%e7%94%9c%e7%94%9c-55p-4k,Xiuren秀人网 No.4170 尹甜甜 55P 4K,/home/zqh/Desktop/xiunice_scraper/yintiantian/images/p4_Xiuren秀人网 No.4170 尹甜甜 55P 4K,2026-05-31T15:00:00,58,58
https://xiunice.com/xiuren%e7%a7%80%e4%ba%ba%e7%bd%91-no-3994-%e5%b0%b9%e7%94%9c%e7%94%9c-90p-4k,Xiuren秀人网 No.3994 尹甜甜 90P 4K,/home/zqh/Desktop/xiunice_scraper/yintiantian/images/p4_Xiuren秀人网 No.3994 尹甜甜 90P 4K,2026-05-31T15:00:00,92,92
https://xiunice.com/xiuren%e7%a7%80%e4%ba%ba%e7%bd%91-no-3970-%e5%b0%b9%e7%94%9c%e7%94%9c-47p-4k,Xiuren秀人网 No.3970 尹甜甜 47P 4K,/home/zqh/Desktop/xiunice_scraper/yintiantian/images/p4_Xiuren秀人网 No.3970 尹甜甜 47P 4K,2026-05-31T15:00:00,48,48
https://xiunice.com/xiuren%e7%a7%80%e4%ba%ba%e7%bd%91-no-3808-%e5%b0%b9%e7%94%9c%e7%94%9c-60p-4k,Xiuren秀人网 No.3808 尹甜甜 60P 4K,/home/zqh/Desktop/xiunice_scraper/yintiantian/images/p4_Xiuren秀人网 No.3808 尹甜甜 60P 4K,2026-05-31T15:00:00,61,61
https://xiunice.com/xiuren%e7%a7%80%e4%ba%ba%e7%bd%91-no-3677-%e5%b0%b9%e7%94%9c%e7%94%9c-68p-4k,Xiuren秀人网 No.3677 尹甜甜 68P 4K,/home/zqh/Desktop/xiunice_scraper/yintiantian/images/p4_Xiuren秀人网 No.3677 尹甜甜 68P 4K,2026-05-31T15:00:00,69,69
https://xiunice.com/xiuren%e7%a7%80%e4%ba%ba%e7%bd%91-no-3646-%e5%b0%b9%e7%94%9c%e7%94%9c-81p-4k,Xiuren秀人网 No.3646 尹甜甜 81P 4K,/home/zqh/Desktop/xiunice_scraper/yintiantian/images/p4_Xiuren秀人网 No.3646 尹甜甜 81P 4K,2026-05-31T15:00:00,82,82
https://xiunice.com/xiuren%e7%a7%80%e4%ba%ba%e7%bd%91-no-3445-%e5%b0%b9%e7%94%9c%e7%94%9c-50p-4k,Xiuren秀人网 No.3445 尹甜甜 50P 4K,/home/zqh/Desktop/xiunice_scraper/yintiantian/images/p4_Xiuren秀人网 No.3445 尹甜甜 50P 4K,2026-05-31T15:00:00,51,51
https://xiunice.com/xiuren%e7%a7%80%e4%ba%ba%e7%bd%91-no-3434-%e5%b0%b9%e7%94%9c%e7%94%9c-54p-4k,Xiuren秀人网 No.3434 尹甜甜 54P 4K,/home/zqh/Desktop/xiunice_scraper/yintiantian/images/p4_Xiuren秀人网 No.3434 尹甜甜 54P 4K,2026-05-31T15:00:00,55,55
https://xiunice.com/xiuren%e7%a7%80%e4%ba%ba%e7%bd%91-no-3389-%e5%b0%b9%e7%94%9c%e7%94%9c-93p-4k,Xiuren秀人网 No.3389 尹甜甜 93P 4K,/home/zqh/Desktop/xiunice_scraper/yintiantian/images/p4_Xiuren秀人网 No.3389 尹甜甜 93P 4K,2026-05-31T15:00:00,93,93
https://xiunice.com/xiuren%e7%a7%80%e4%ba%ba%e7%bd%91-no-3291-%e5%b0%b9%e7%94%9c%e7%94%9c-101p-4k,Xiuren秀人网 No.3291 尹甜甜 101P 4K,/home/zqh/Desktop/xiunice_scraper/yintiantian/images/p4_Xiuren秀人网 No.3291 尹甜甜 101P 4K,2026-05-31T15:00:00,101,101
https://xiunice.com/xiuren%e7%a7%80%e4%ba%ba%e7%bd%91-no-3251-%e5%b0%b9%e7%94%9c%e7%94%9c-87p-4k,Xiuren秀人网 No.3251 尹甜甜 87P 4K,/home/zqh/Desktop/xiunice_scraper/yintiantian/images/p4_Xiuren秀人网 No.3251 尹甜甜 87P 4K,2026-05-31T15:00:00,87,87
https://xiunice.com/xiuren%e7%a7%80%e4%ba%ba%e7%bd%91-no-3231-%e5%b0%b9%e7%94%9c%e7%94%9c-49p-4k,Xiuren秀人网 No.3231 尹甜甜 49P 4K,/home/zqh/Desktop/xiunice_scraper/yintiantian/images/p4_Xiuren秀人网 No.3231 尹甜甜 49P 4K,2026-05-31T15:00:00,49,49
https://xiunice.com/xiuren%e7%a7%80%e4%ba%ba%e7%bd%91-no-3201-%e5%b0%b9%e7%94%9c%e7%94%9c-50p-4k,Xiuren秀人网 No.3201 尹甜甜 50P 4K,/home/zqh/Desktop/xiunice_scraper/yintiantian/images/p4_Xiuren秀人网 No.3201 尹甜甜 50P 4K,2026-05-31T15:00:00,50,50
https://xiunice.com/xiuren%e7%a7%80%e4%ba%ba%e7%bd%91-no-3179-%e5%b0%b9%e7%94%9c%e7%94%9c-63p-4k,Xiuren秀人网 No.3179 尹甜甜 63P 4K,/home/zqh/Desktop/xiunice_scraper/yintiantian/images/p4_Xiuren秀人网 No.3179 尹甜甜 63P 4K,2026-05-31T15:00:00,63,63
https://xiunice.com/coser%e5%b9%b4%e5%b9%b4nnian-%e5%9b%9b%e5%a6%b9-80p-4k,Coser@年年Nnian – 四妹 80P 4K,/home/zqh/Desktop/xiunice_scraper/images/p1_Coser@年年Nnian – 四妹 80P 4K,2026-05-31T15:00:00,80,80
https://xiunice.com/coser%e5%b9%b4%e5%b9%b4nnian-%e9%9d%92%e9%9d%92%e5%ad%90%e8%a1%bf-27p-4k,Coser@年年Nnian – 青青子衿 27P 4K,/home/zqh/Desktop/xiunice_scraper/images/p1_Coser@年年Nnian – 青青子衿 27P 4K,2026-05-31T15:00:00,27,27
https://xiunice.com/coser%e5%b9%b4%e5%b9%b4nnian-%e9%9d%92%e4%b8%9d-20p-4k,Coser@年年Nnian – 青丝 20P 4K,/home/zqh/Desktop/xiunice_scraper/images/p1_Coser@年年Nnian – 青丝 20P 4K,2026-05-31T15:00:00,20,20
https://xiunice.com/coser%e5%b9%b4%e5%b9%b4nnian-%e9%9c%93%e8%a3%b3-50p-4k,Coser@年年Nnian – 霓裳 50P 4K,/home/zqh/Desktop/xiunice_scraper/images/p1_Coser@年年Nnian – 霓裳 50P 4K,2026-05-31T15:00:00,50,50
https://xiunice.com/coser%e5%b9%b4%e5%b9%b4nnian-%e9%9b%8f%e8%8f%8a-52p-4k,Coser@年年Nnian – 雏菊 52P 4K,/home/zqh/Desktop/xiunice_scraper/images/p1_Coser@年年Nnian – 雏菊 52P 4K,2026-05-31T15:00:00,52,52
https://xiunice.com/coser%e5%b9%b4%e5%b9%b4nnian-%e8%bf%90%e5%8a%a8%e6%9c%8d-42p-4k,Coser@年年Nnian – 运动服 42P 4K,/home/zqh/Desktop/xiunice_scraper/images/p1_Coser@年年Nnian – 运动服 42P 4K,2026-05-31T15:00:00,42,42
https://xiunice.com/coser%e5%b9%b4%e5%b9%b4nnian-%e8%95%be%e4%b8%9d%e5%85%94%e5%ae%9d%e5%ae%9d-26p-4k,Coser@年年Nnian – 蕾丝兔宝宝 26P 4K,/home/zqh/Desktop/xiunice_scraper/images/p1_Coser@年年Nnian – 蕾丝兔宝宝 26P 4K,2026-05-31T15:00:00,26,26
https://xiunice.com/coser%e5%b9%b4%e5%b9%b4nnian-%e8%94%a1%e6%96%87%e5%a7%ac-54p-4k,Coser@年年Nnian – 蔡文姬 54P 4K,/home/zqh/Desktop/xiunice_scraper/images/p1_Coser@年年Nnian – 蔡文姬 54P 4K,2026-05-31T15:00:00,54,54
https://xiunice.com/coser%e5%b9%b4%e5%b9%b4nnian-%e8%8b%97%e7%96%86%e5%a5%b3%e5%ad%a9-50p-4k,Coser@年年Nnian – 苗疆女孩 50P 4K,/home/zqh/Desktop/xiunice_scraper/images/p1_Coser@年年Nnian – 苗疆女孩 50P 4K,2026-05-31T15:00:00,50,50
https://xiunice.com/coser%e5%b9%b4%e5%b9%b4nnian-%e8%8a%b1%e9%87%8e-53p-4k,Coser@年年Nnian – 花野 53P 4K,/home/zqh/Desktop/xiunice_scraper/images/p1_Coser@年年Nnian – 花野 53P 4K,2026-05-31T15:00:00,53,53
https://xiunice.com/coser%e5%b9%b4%e5%b9%b4nnian-%e8%89%be%e8%be%be%c2%b7%e5%b9%b4-50p-4k,Coser@年年Nnian – 艾达·年 50P 4K,/home/zqh/Desktop/xiunice_scraper/images/p1_Coser@年年Nnian – 艾达·年 50P 4K,2026-05-31T15:00:00,50,50
https://xiunice.com/coser%e5%b9%b4%e5%b9%b4nnian-%e8%83%8c%e5%b8%a6%e8%a3%a4-32p-4k,Coser@年年Nnian – 背带裤 32P 4K,/home/zqh/Desktop/xiunice_scraper/images/p1_Coser@年年Nnian – 背带裤 32P 4K,2026-05-31T15:00:00,32,32
https://xiunice.com/coser%e5%b9%b4%e5%b9%b4nnian-%e8%82%89%e8%89%b2%e5%86%85%e8%a1%a3-56p-4k,Coser@年年Nnian – 肉色内衣 56P 4K,/home/zqh/Desktop/xiunice_scraper/images/p1_Coser@年年Nnian – 肉色内衣 56P 4K,2026-05-31T15:00:00,56,56
https://xiunice.com/coser%e5%b9%b4%e5%b9%b4nnian-%e7%be%8e%e4%b8%bd%e7%9a%84%e5%a5%b3%e5%ad%a9-36p-4k,Coser@年年Nnian – 美丽的女孩 36P 4K,/home/zqh/Desktop/xiunice_scraper/images/p1_Coser@年年Nnian – 美丽的女孩 36P 4K,2026-05-31T15:00:00,36,36
https://xiunice.com/coser%e5%b9%b4%e5%b9%b4nnian-%e7%bd%91%e7%bb%9c%e5%a5%b3%e5%ad%a9-44p-4k,Coser@年年Nnian – 网络女孩 44P 4K,/home/zqh/Desktop/xiunice_scraper/images/p1_Coser@年年Nnian – 网络女孩 44P 4K,2026-05-31T15:00:00,44,44
https://xiunice.com/coser%e5%b9%b4%e5%b9%b4nnian-%e7%bb%b4%e5%a4%9a%e5%88%a9%e4%ba%9a%e7%9a%84%e7%a7%98%e5%af%86-94p-4k,Coser@年年Nnian – 维多利亚的秘密 94P 4K,/home/zqh/Desktop/xiunice_scraper/images/p1_Coser@年年Nnian – 维多利亚的秘密 94P 4K,2026-05-31T15:00:00,94,94
https://xiunice.com/coser%e5%b9%b4%e5%b9%b4nnian-%e7%ba%af%e7%b2%b9%e7%9a%84%e6%ac%b2%e6%9c%9b%e5%a5%b3%e6%9c%8b%e5%8f%8b-39p-4k,Coser@年年Nnian – 纯粹的欲望女朋友 39P 4K,/home/zqh/Desktop/xiunice_scraper/images/p1_Coser@年年Nnian – 纯粹的欲望女朋友 39P 4K,2026-05-31T15:00:00,39,39
https://xiunice.com/coser%e5%b9%b4%e5%b9%b4nnian-%e7%ba%a2%e8%b1%86-57p-4k,Coser@年年Nnian – 红豆 57P 4K,/home/zqh/Desktop/xiunice_scraper/images/p1_Coser@年年Nnian – 红豆 57P 4K,2026-05-31T15:00:00,67,67
https://xiunice.com/coser%e5%b9%b4%e5%b9%b4nnian-%e7%b2%89%e8%89%b2%e5%86%85%e8%a1%a3-45p-4k,Coser@年年Nnian – 粉色内衣 45P 4K,/home/zqh/Desktop/xiunice_scraper/images/p1_Coser@年年Nnian – 粉色内衣 45P 4K,2026-05-31T15:00:00,45,45
https://xiunice.com/coser%e5%b9%b4%e5%b9%b4nnian-%e7%aa%97%e5%89%8d-57p-4k,Coser@年年Nnian – 窗前 57P 4K,/home/zqh/Desktop/xiunice_scraper/images/p1_Coser@年年Nnian – 窗前 57P 4K,2026-05-31T15:00:00,57,57
https://xiunice.com/coser%e5%b9%b4%e5%b9%b4nnian-%e7%a9%ba%e5%a7%90-128p-4k,Coser@年年Nnian – 空姐 128P 4K,/home/zqh/Desktop/xiunice_scraper/images/p1_Coser@年年Nnian – 空姐 128P 4K,2026-05-31T15:00:00,128,128
https://xiunice.com/coser%e5%b9%b4%e5%b9%b4nnian-%e7%a7%8b%e5%85%ae-45p-4k,Coser@年年Nnian – 秋兮 45P 4K,/home/zqh/Desktop/xiunice_scraper/images/p1_Coser@年年Nnian – 秋兮 45P 4K,2026-05-31T15:00:00,45,45
https://xiunice.com/coser%e5%b9%b4%e5%b9%b4nnian-%e7%a5%9e%e6%98%8e%e4%b9%8b%e5%a5%b3-40p-4k,Coser@年年Nnian – 神明之女 40P 4K,/home/zqh/Desktop/xiunice_scraper/images/p1_Coser@年年Nnian – 神明之女 40P 4K,2026-05-31T15:00:00,40,40
https://xiunice.com/coser%e5%b9%b4%e5%b9%b4nnian-%e7%9f%ad%e8%a3%a4t%e6%81%a4-22p-4k,Coser@年年Nnian – 短裤T恤 22P 4K,/home/zqh/Desktop/xiunice_scraper/images/p1_Coser@年年Nnian – 短裤T恤 22P 4K,2026-05-31T15:00:00,22,22
https://xiunice.com/coser%e5%b9%b4%e5%b9%b4nnian-%e7%9d%a1%e8%a1%a3-ambiguous-40p-4k,Coser@年年Nnian – 睡衣 Ambiguous 40P 4K,/home/zqh/Desktop/xiunice_scraper/images/p2_Coser@年年Nnian – 睡衣 Ambiguous 40P 4K,2026-05-31T15:00:00,40,40
https://xiunice.com/coser%e5%b9%b4%e5%b9%b4nnian-%e7%99%bd%e9%9c%b2-43p-4k,Coser@年年Nnian – 白露 43P 4K,/home/zqh/Desktop/xiunice_scraper/images/p2_Coser@年年Nnian – 白露 43P 4K,2026-05-31T15:00:00,43,43
https://xiunice.com/coser%e5%b9%b4%e5%b9%b4nnian-%e7%99%bd%e8%8a%b1%e9%97%b4%e9%9b%86-39p-4k,Coser@年年Nnian – 白花间集 39P 4K,/home/zqh/Desktop/xiunice_scraper/images/p2_Coser@年年Nnian – 白花间集 39P 4K,2026-05-31T15:00:00,39,39
https://xiunice.com/coser%e5%b9%b4%e5%b9%b4nnian-%e7%99%bd%e8%89%b2%e7%bd%91%e8%a1%ab-44p-4k,Coser@年年Nnian – 白色网衫 44P 4K,/home/zqh/Desktop/xiunice_scraper/images/p2_Coser@年年Nnian – 白色网衫 44P 4K,2026-05-31T15:00:00,44,44
https://xiunice.com/coser%e5%b9%b4%e5%b9%b4nnian-%e7%99%bd%e7%8e%89%e5%85%b0-magnolia-26p-4k,Coser@年年Nnian – 白玉兰 Magnolia 26P 4K,/home/zqh/Desktop/xiunice_scraper/images/p2_Coser@年年Nnian – 白玉兰 Magnolia 26P 4K,2026-05-31T15:00:00,26,26
https://xiunice.com/coser%e5%b9%b4%e5%b9%b4nnian-%e7%99%bd%e6%a2%a6%e5%8d%8e%e5%bd%95-39p-4k,Coser@年年Nnian – 白梦华录 39P 4K,/home/zqh/Desktop/xiunice_scraper/images/p2_Coser@年年Nnian – 白梦华录 39P 4K,2026-05-31T15:00:00,39,39
https://xiunice.com/coser%e5%b9%b4%e5%b9%b4nnian-%e7%8e%89%e8%97%bb%e5%89%8d-22p-4k,Coser@年年Nnian – 玉藻前 22P 4K,/home/zqh/Desktop/xiunice_scraper/images/p2_Coser@年年Nnian – 玉藻前 22P 4K,2026-05-31T15:00:00,22,22
https://xiunice.com/coser%e5%b9%b4%e5%b9%b4nnian-%e7%88%b1%e5%90%83%e6%a3%92%e6%a3%92%e7%b3%96%e7%9a%84%e5%b0%91%e5%a5%b3-35p-4k,Coser@年年Nnian – 爱吃棒棒糖的少女 35P 4K,/home/zqh/Desktop/xiunice_scraper/images/p2_Coser@年年Nnian – 爱吃棒棒糖的少女 35P 4K,2026-05-31T15:00:00,35,35
https://xiunice.com/coser%e5%b9%b4%e5%b9%b4nnian-%e7%88%b1%e4%b8%bd%e4%b8%9d%e6%bc%ab%e6%b8%b8%e4%bb%99%e5%a2%83-50p-4k,Coser@年年Nnian – 爱丽丝漫游仙境 50P 4K,/home/zqh/Desktop/xiunice_scraper/images/p2_Coser@年年Nnian – 爱丽丝漫游仙境 50P 4K,2026-05-31T15:00:00,50,50
https://xiunice.com/coser%e5%b9%b4%e5%b9%b4nnian-%e7%82%bd%e5%a4%a9%e4%bd%bf-23p-4k,Coser@年年Nnian – 炽天使 23P 4K,/home/zqh/Desktop/xiunice_scraper/images/p2_Coser@年年Nnian – 炽天使 23P 4K,2026-05-31T15:00:00,23,23
https://xiunice.com/coser%e5%b9%b4%e5%b9%b4nnian-%e7%82%b9%e7%bb%9b%e5%94%87-69p-4k,Coser@年年Nnian – 点绛唇 69P 4K,/home/zqh/Desktop/xiunice_scraper/images/p2_Coser@年年Nnian – 点绛唇 69P 4K,2026-05-31T15:00:00,69,69
https://xiunice.com/coser%e5%b9%b4%e5%b9%b4nnian-%e6%b6%a9%e5%a5%b3%e8%ad%a6-82p-4k,Coser@年年Nnian – 涩女警 82P 4K,/home/zqh/Desktop/xiunice_scraper/images/p2_Coser@年年Nnian – 涩女警 82P 4K,2026-05-31T15:00:00,82,82
https://xiunice.com/coser%e5%b9%b4%e5%b9%b4nnian-%e6%b5%aa%e6%bc%ab-51p-4k,Coser@年年Nnian – 浪漫 51P 4K,/home/zqh/Desktop/xiunice_scraper/images/p2_Coser@年年Nnian – 浪漫 51P 4K,2026-05-31T15:00:00,51,51
https://xiunice.com/coser%e5%b9%b4%e5%b9%b4nnian-%e6%b2%90%e6%b5%b4-50p-4k,Coser@年年Nnian – 沐浴 50P 4K,/home/zqh/Desktop/xiunice_scraper/images/p2_Coser@年年Nnian – 沐浴 50P 4K,2026-05-31T15:00:00,50,50
https://xiunice.com/coser%e5%b9%b4%e5%b9%b4nnian-%e6%b1%89%e5%ae%ab%e6%98%a5%e6%9c%88-29p-4k,Coser@年年Nnian – 汉宫春月 29P 4K,/home/zqh/Desktop/xiunice_scraper/images/p2_Coser@年年Nnian – 汉宫春月 29P 4K,2026-05-31T15:00:00,29,29
https://xiunice.com/coser%e5%b9%b4%e5%b9%b4nnian-%e6%a2%a6%e9%86%89%e7%91%b6-39p-4k,Coser@年年Nnian – 梦醉瑶 39P 4K,/home/zqh/Desktop/xiunice_scraper/images/p2_Coser@年年Nnian – 梦醉瑶 39P 4K,2026-05-31T15:00:00,39,39
https://xiunice.com/coser%e5%b9%b4%e5%b9%b4nnian-%e6%9e%97%e9%97%b4%e5%b0%8f%e5%b1%8b-52p-4k,Coser@年年Nnian – 林间小屋 52P 4K,/home/zqh/Desktop/xiunice_scraper/images/p2_Coser@年年Nnian – 林间小屋 52P 4K,2026-05-31T15:00:00,52,52
https://xiunice.com/coser%e5%b9%b4%e5%b9%b4nnian-%e6%9d%82%e5%bf%972-26p-4k,Coser@年年Nnian – 杂志2 26P 4K,/home/zqh/Desktop/xiunice_scraper/images/p2_Coser@年年Nnian – 杂志2 26P 4K,2026-05-31T15:00:00,26,26
https://xiunice.com/coser%e5%b9%b4%e5%b9%b4nnian-%e6%9c%aa%e4%ba%a1%e4%ba%ba-50p-4k,Coser@年年Nnian – 未亡人 50P 4K,/home/zqh/Desktop/xiunice_scraper/images/p2_Coser@年年Nnian – 未亡人 50P 4K,2026-05-31T15:00:00,50,50
https://xiunice.com/coser%e5%b9%b4%e5%b9%b4nnian-%e6%9c%88%e5%88%8a%e5%b0%91%e5%a5%b3-36p-4k,Coser@年年Nnian – 月刊少女 36P 4K,/home/zqh/Desktop/xiunice_scraper/images/p2_Coser@年年Nnian – 月刊少女 36P 4K,2026-05-31T15:00:00,36,36
https://xiunice.com/coser%e5%b9%b4%e5%b9%b4nnian-%e6%9a%96%e6%9a%96-40p-4k,Coser@年年Nnian – 暖暖 40P 4K,/home/zqh/Desktop/xiunice_scraper/images/p2_Coser@年年Nnian – 暖暖 40P 4K,2026-05-31T15:00:00,40,40
https://xiunice.com/coser%e5%b9%b4%e5%b9%b4nnian-%e6%99%b4%e5%a4%a9-50p-4k,Coser@年年Nnian – 晴天 50P 4K,/home/zqh/Desktop/xiunice_scraper/images/p2_Coser@年年Nnian – 晴天 50P 4K,2026-05-31T15:00:00,50,50
https://xiunice.com/coser%e5%b9%b4%e5%b9%b4nnian-%e6%98%a5%e9%a3%8e-50p-4k,Coser@年年Nnian – 春风 50P 4K,/home/zqh/Desktop/xiunice_scraper/images/p2_Coser@年年Nnian – 春风 50P 4K,2026-05-31T15:00:00,50,50
https://xiunice.com/coser%e5%b9%b4%e5%b9%b4nnian-%e6%98%a5%e6%97%a5%e4%b9%8b%e6%99%82-30p-4k,Coser@年年Nnian – 春日之時 30P 4K,/home/zqh/Desktop/xiunice_scraper/images/p2_Coser@年年Nnian – 春日之時 30P 4K,2026-05-31T15:00:00,30,30
https://xiunice.com/coser%e5%b9%b4%e5%b9%b4nnian-%e6%97%a5%e8%90%bd%e7%8e%ab%e7%91%b0-30p-4k,Coser@年年Nnian – 日落玫瑰 30P 4K,/home/zqh/Desktop/xiunice_scraper/images/p3_Coser@年年Nnian – 日落玫瑰 30P 4K,2026-05-31T15:00:00,30,30
https://xiunice.com/coser%e5%b9%b4%e5%b9%b4nnian-%e6%97%a5%e5%87%ba-45p-4k,Coser@年年Nnian – 日出 45P 4K,/home/zqh/Desktop/xiunice_scraper/images/p3_Coser@年年Nnian – 日出 45P 4K,2026-05-31T15:00:00,45,45
https://xiunice.com/coser%e5%b9%b4%e5%b9%b4nnian-%e6%96%b0%e5%b9%b4-40p-4k,Coser@年年Nnian – 新年 40P 4K,/home/zqh/Desktop/xiunice_scraper/images/p3_Coser@年年Nnian – 新年 40P 4K,2026-05-31T15:00:00,40,40
https://xiunice.com/coser%e5%b9%b4%e5%b9%b4nnian-%e6%8b%9c%e5%b9%b4%e5%85%94-39p-4k,Coser@年年Nnian – 拜年兔 39P 4K,/home/zqh/Desktop/xiunice_scraper/images/p3_Coser@年年Nnian – 拜年兔 39P 4K,2026-05-31T15:00:00,39,39
https://xiunice.com/coser%e5%b9%b4%e5%b9%b4nnian-%e6%8b%8d%e7%ab%8b%e5%be%97%e5%a5%b3%e5%ad%a9-polaroid-girl-44p-4k,Coser@年年Nnian – 拍立得女孩 Polaroid Girl 44P 4K,/home/zqh/Desktop/xiunice_scraper/images/p3_Coser@年年Nnian – 拍立得女孩 Polaroid Girl 44P 4K,2026-05-31T15:00:00,44,44
https://xiunice.com/coser%e5%b9%b4%e5%b9%b4nnian-%e6%80%a7%e6%84%9f%e5%a5%b3%e8%ad%a6-42p-4k,Coser@年年Nnian – 性感女警 42P 4K,/home/zqh/Desktop/xiunice_scraper/images/p3_Coser@年年Nnian – 性感女警 42P 4K,2026-05-31T15:00:00,42,42
https://xiunice.com/coser%e5%b9%b4%e5%b9%b4nnian-%e5%b1%95%e7%a4%ba%e6%9f%9c-50p-4k,Coser@年年Nnian – 展示柜 50P 4K,/home/zqh/Desktop/xiunice_scraper/images/p3_Coser@年年Nnian – 展示柜 50P 4K,2026-05-31T15:00:00,50,50
https://xiunice.com/coser%e5%b9%b4%e5%b9%b4nnian-%e5%b0%8f%e8%b1%b9%e5%ae%9d-11p-4k,Coser@年年Nnian – 小豹宝 11P 4K,/home/zqh/Desktop/xiunice_scraper/images/p3_Coser@年年Nnian – 小豹宝 11P 4K,2026-05-31T15:00:00,11,11
https://xiunice.com/coser%e5%b9%b4%e5%b9%b4nnian-%e5%b0%8f%e7%ba%a2%e5%b8%bd-61p-4k,Coser@年年Nnian – 小红帽 61P 4K,/home/zqh/Desktop/xiunice_scraper/images/p3_Coser@年年Nnian – 小红帽 61P 4K,2026-05-31T15:00:00,61,61
https://xiunice.com/coser%e5%b9%b4%e5%b9%b4nnian-%e5%ae%81%e7%ba%a2%e5%8f%b6-30p-4k,Coser@年年Nnian – 宁红叶 30P 4K,/home/zqh/Desktop/xiunice_scraper/images/p3_Coser@年年Nnian – 宁红叶 30P 4K,2026-05-31T15:00:00,30,30
https://xiunice.com/coser%e5%b9%b4%e5%b9%b4nnian-%e5%ad%90%e7%84%b6-57p-4k,Coser@年年Nnian – 子然 57P 4K,/home/zqh/Desktop/xiunice_scraper/images/p3_Coser@年年Nnian – 子然 57P 4K,2026-05-31T15:00:00,57,57
https://xiunice.com/coser%e5%b9%b4%e5%b9%b4nnian-%e5%ab%a6%e5%a8%a5%e4%bb%99%e5%ad%90-49p-4k,Coser@年年Nnian – 嫦娥仙子 49P 4K,/home/zqh/Desktop/xiunice_scraper/images/p3_Coser@年年Nnian – 嫦娥仙子 49P 4K,2026-05-31T15:00:00,49,49
https://xiunice.com/coser%e5%b9%b4%e5%b9%b4nnian-%e5%a6%96%e5%a7%ac-43p-4k,Coser@年年Nnian – 妖姬 43P 4K,/home/zqh/Desktop/xiunice_scraper/images/p3_Coser@年年Nnian – 妖姬 43P 4K,2026-05-31T15:00:00,43,43
https://xiunice.com/coser%e5%b9%b4%e5%b9%b4nnian-%e5%a5%b6%e7%89%9b%e5%a5%b3%e4%bb%86%e8%a3%85-37p-4k,Coser@年年Nnian – 奶牛女仆装 37P 4K,/home/zqh/Desktop/xiunice_scraper/images/p3_Coser@年年Nnian – 奶牛女仆装 37P 4K,2026-05-31T15:00:00,37,37
https://xiunice.com/coser%e5%b9%b4%e5%b9%b4nnian-%e5%a4%9c-54p-4k,Coser@年年Nnian – 夜 54P 4K,/home/zqh/Desktop/xiunice_scraper/images/p3_Coser@年年Nnian – 夜 54P 4K,2026-05-31T15:00:00,54,54
https://xiunice.com/coser%e5%b9%b4%e5%b9%b4nnian-%e5%a4%8f%e6%97%a5%e9%99%90%e5%ae%9a%e6%b3%b3%e6%b1%a0-49p-4k,Coser@年年Nnian – 夏日限定泳池 49P 4K,/home/zqh/Desktop/xiunice_scraper/images/p3_Coser@年年Nnian – 夏日限定泳池 49P 4K,2026-05-31T15:00:00,49,49
https://xiunice.com/coser%e5%b9%b4%e5%b9%b4nnian-%e5%a4%8f%e6%97%a5%e7%b2%be%e7%81%b5-58p-4k,Coser@年年Nnian – 夏日精灵 58P 4K,/home/zqh/Desktop/xiunice_scraper/images/p3_Coser@年年Nnian – 夏日精灵 58P 4K,2026-05-31T15:00:00,58,58
https://xiunice.com/coser%e5%b9%b4%e5%b9%b4nnian-%e5%a4%8f%e4%bb%a4%e6%97%b6-38p-4k,Coser@年年Nnian – 夏令时 38P 4K,/home/zqh/Desktop/xiunice_scraper/images/p3_Coser@年年Nnian – 夏令时 38P 4K,2026-05-31T15:00:00,38,38
https://xiunice.com/coser%e5%b9%b4%e5%b9%b4nnian-%e5%9c%b0%e7%8b%b1%e5%90%b9%e9%9b%aa-50p-4k,Coser@年年Nnian – 地狱吹雪 50P 4K,/home/zqh/Desktop/xiunice_scraper/images/p3_Coser@年年Nnian – 地狱吹雪 50P 4K,2026-05-31T15:00:00,50,50
https://xiunice.com/coser%e5%b9%b4%e5%b9%b4nnian-%e5%9c%a3%e8%af%9e2023-50p-4k,Coser@年年Nnian – 圣诞2023 50P 4K,/home/zqh/Desktop/xiunice_scraper/images/p3_Coser@年年Nnian – 圣诞2023 50P 4K,2026-05-31T15:00:00,50,50
https://xiunice.com/coser%e5%b9%b4%e5%b9%b4nnian-%e5%90%8a%e5%b8%a6-45p-4k,Coser@年年Nnian – 吊带 45P 4K,/home/zqh/Desktop/xiunice_scraper/images/p3_Coser@年年Nnian – 吊带 45P 4K,2026-05-31T15:00:00,45,45
https://xiunice.com/coser%e5%b9%b4%e5%b9%b4nnian-%e5%90%89%e7%a5%a5%e9%9b%aa%e5%85%86%e4%b8%b0%e5%b9%b4-30p-4k,Coser@年年Nnian – 吉祥雪兆丰年 30P 4K,/home/zqh/Desktop/xiunice_scraper/images/p3_Coser@年年Nnian – 吉祥雪兆丰年 30P 4K,2026-05-31T15:00:00,30,30
https://xiunice.com/coser%e5%b9%b4%e5%b9%b4nnian-%e5%8f%b6%e7%ba%a2-39p-4k,Coser@年年Nnian – 叶红 39P 4K,/home/zqh/Desktop/xiunice_scraper/images/p3_Coser@年年Nnian – 叶红 39P 4K,2026-05-31T15:00:00,39,39
https://xiunice.com/coser%e5%b9%b4%e5%b9%b4nnian-%e5%8e%a8%e5%a8%98-36p-4k,Coser@年年Nnian – 厨娘 36P 4K,/home/zqh/Desktop/xiunice_scraper/images/p3_Coser@年年Nnian – 厨娘 36P 4K,2026-05-31T15:00:00,36,36
https://xiunice.com/coser%e5%b9%b4%e5%b9%b4nnian-%e5%86%9c%e5%8e%86%e6%96%b0%e5%b9%b4%e5%bf%ab%e4%b9%90-50p-4k,Coser@年年Nnian – 农历新年快乐 50P 4K,/home/zqh/Desktop/xiunice_scraper/images/p4_Coser@年年Nnian – 农历新年快乐 50P 4K,2026-05-31T15:00:00,50,50
https://xiunice.com/coser%e5%b9%b4%e5%b9%b4nnian-%e5%85%89%e4%b8%8e%e5%b9%b4-41p-4k,Coser@年年Nnian – 光与年 41P 4K,/home/zqh/Desktop/xiunice_scraper/images/p4_Coser@年年Nnian – 光与年 41P 4K,2026-05-31T15:00:00,41,41
https://xiunice.com/coser%e5%b9%b4%e5%b9%b4nnian-%e5%85%83%e5%ae%b5%e8%8a%82-50p-4k,Coser@年年Nnian – 元宵节 50P 4K,/home/zqh/Desktop/xiunice_scraper/images/p4_Coser@年年Nnian – 元宵节 50P 4K,2026-05-31T15:00:00,50,50
https://xiunice.com/coser%e5%b9%b4%e5%b9%b4nnian-%e4%bc%91%e9%97%b2%e6%97%b6%e5%85%89-45p-4k,Coser@年年Nnian – 休闲时光 45P 4K,/home/zqh/Desktop/xiunice_scraper/images/p4_Coser@年年Nnian – 休闲时光 45P 4K,2026-05-31T15:00:00,45,45
https://xiunice.com/coser%e5%b9%b4%e5%b9%b4nnian-%e4%b8%8b%e5%8d%88%e8%8c%b6-43p-4k,Coser@年年Nnian – 下午茶 43P 4K,/home/zqh/Desktop/xiunice_scraper/images/p4_Coser@年年Nnian – 下午茶 43P 4K,2026-05-31T15:00:00,43,43
https://xiunice.com/coser%e5%b9%b4%e5%b9%b4nnian-%e4%b8%89%e6%b2%90%e4%b8%89%e7%86%8f-52p-4k,Coser@年年Nnian – 三沐三熏 52P 4K,/home/zqh/Desktop/xiunice_scraper/images/p4_Coser@年年Nnian – 三沐三熏 52P 4K,2026-05-31T15:00:00,52,52
https://xiunice.com/coser%e5%b9%b4%e5%b9%b4nnian-%e4%b8%89%e6%9c%88%e8%8a%b1-51p-4k,Coser@年年Nnian – 三月花 51P 4K,/home/zqh/Desktop/xiunice_scraper/images/p4_Coser@年年Nnian – 三月花 51P 4K,2026-05-31T15:00:00,51,51
https://xiunice.com/coser%e5%b9%b4%e5%b9%b4nnian-nature-55p-4k,Coser@年年Nnian – Nature 55P 4K,/home/zqh/Desktop/xiunice_scraper/images/p4_Coser@年年Nnian – Nature 55P 4K,2026-05-31T15:00:00,55,55
https://xiunice.com/coser%e5%b9%b4%e5%b9%b4nnian-mu-qiu-44p-4k,Coser@年年Nnian – Mu Qiu 44P 4K,/home/zqh/Desktop/xiunice_scraper/images/p4_Coser@年年Nnian – Mu Qiu 44P 4K,2026-05-31T15:00:00,44,44
https://xiunice.com/coser%e5%b9%b4%e5%b9%b4nnian-more-than-every-year-39p-4k,Coser@年年Nnian – More Than Every Year 39P 4K,/home/zqh/Desktop/xiunice_scraper/images/p4_Coser@年年Nnian – More Than Every Year 39P 4K,2026-05-31T15:00:00,39,39
https://xiunice.com/coser%e5%b9%b4%e5%b9%b4nnian-meow-girl-34p-4k,Coser@年年Nnian – Meow Girl 34P 4K,/home/zqh/Desktop/xiunice_scraper/images/p4_Coser@年年Nnian – Meow Girl 34P 4K,2026-05-31T15:00:00,34,34
https://xiunice.com/coser%e5%b9%b4%e5%b9%b4nnian-meme-tea-44p-4k,Coser@年年Nnian – Meme Tea 44P 4K,/home/zqh/Desktop/xiunice_scraper/images/p4_Coser@年年Nnian – Meme Tea 44P 4K,2026-05-31T15:00:00,44,44
https://xiunice.com/coser%e5%b9%b4%e5%b9%b4nnian-like-a-dream-order-40p-4k,Coser@年年Nnian – Like a Dream Order 40P 4K,/home/zqh/Desktop/xiunice_scraper/images/p4_Coser@年年Nnian – Like a Dream Order 40P 4K,2026-05-31T15:00:00,40,40
https://xiunice.com/coser%e5%b9%b4%e5%b9%b4nnian-july-40p-4k,Coser@年年Nnian – July 40P 4K,/home/zqh/Desktop/xiunice_scraper/images/p4_Coser@年年Nnian – July 40P 4K,2026-05-31T15:00:00,40,40
https://xiunice.com/coser%e5%b9%b4%e5%b9%b4nnian-a%e7%89%88%e4%bb%a5%e7%88%b1%e4%b9%8b%e5%90%8d-51p-4k,Coser@年年Nnian – [A版]以爱之名 51P 4K,/home/zqh/Desktop/xiunice_scraper/images/p4_Coser@年年Nnian – [A版]以爱之名 51P 4K,2026-05-31T15:00:00,51,51
https://xiunice.com/x-level-4k-yuna-hinoki-81p,X-Level 4K Yuna - HINOKI 81P,/home/zqh/Desktop/xiunice_scraper/images/X-Level 4K Yuna - HINOKI 81P,2026-05-31T14:20:12Z,81,81
https://xiunice.com/x-level-4k-yuna-car-player-85p,X-Level 4K Yuna - Car Player 85P,/home/zqh/Desktop/xiunice_scraper/images/X-Level 4K Yuna - Car Player 85P,2026-05-31T14:23:41Z,85,85
https://xiunice.com/x-level-4k-yuna-massage-80p,X-Level 4K Yuna - Massage 80P,/home/zqh/Desktop/xiunice_scraper/images/X-Level 4K Yuna - Massage 80P,2026-05-31T15:13:02Z,80,80
https://xiunice.com/x-level-4k-yeha-%ec%98%88%ed%95%98-suji-%ec%88%98%ec%a7%80-vol-60-ero-x-mas-121p,X-Level 4K Yeha 예하 Suji 수지 - Vol.60 Ero X-Mas 121P,/home/zqh/Desktop/xiunice_scraper/images/X-Level 4K Yeha 예하 Suji 수지 - Vol_60 Ero X-Mas 121P,2026-05-31T15:13:59Z,121,121
https://xiunice.com/x-level-4k-yeha-%ec%98%88%ed%95%98-wax-play-81p,X-Level 4K Yeha 예하 - Wax Play 81P,/home/zqh/Desktop/xiunice_scraper/images/X-Level 4K Yeha 예하 - Wax Play 81P,2026-05-31T15:42:23Z,81,81
https://xiunice.com/x-level-4k-yeha-%ec%98%88%ed%95%98-aprons-98p,X-Level 4K Yeha 예하 - Aprons 98P,/home/zqh/Desktop/xiunice_scraper/images/X-Level 4K Yeha 예하 - Aprons 98P,2026-05-31T15:46:42Z,98,98
https://xiunice.com/x-level-4k-vol-001-choyeon-%ec%b4%88%ec%97%b0-cat-girl-40p,X-Level 4K Vol.001 ChoYeon 초연 - Cat Girl 40P,-p/X-Level 4K Vol_001 ChoYeon 초연 - Cat Girl 40P,2026-05-31T15:56:43Z,40,40
https://xiunice.com/artgravia-4k-vol-720-yeonyu-%ec%97%b0%ec%9c%a0-98p,Artgravia 4K Vol.720 YeonYu 연유 98P,/home/zqh/Desktop/xiunice_scraper/images/Artgravia 4K Vol_720 YeonYu 연유 98P,2026-05-31T16:10:56Z,98,98
https://xiunice.com/artgravia-4k-vol-713-yeonyu-%ec%97%b0%ec%9c%a0-122p,Artgravia 4K Vol.713 YeonYu 연유 122P,/home/zqh/Desktop/xiunice_scraper/images/Artgravia 4K Vol_713 YeonYu 연유 122P,2026-05-31T16:11:30Z,122,122
https://xiunice.com/artgravia-4k-vol-708-yeonyu-%ec%97%b0%ec%9c%a0-122p,Artgravia 4K Vol.708 YeonYu 연유 122P,/home/zqh/Desktop/xiunice_scraper/images/Artgravia 4K Vol_708 YeonYu 연유 122P,2026-05-31T16:13:13Z,122,122
https://xiunice.com/artgravia-4k-vol-640-jian-99p,Artgravia 4K Vol.640 Jian 99P,/home/zqh/Desktop/xiunice_scraper/images/Artgravia 4K Vol_640 Jian 99P,2026-05-31T16:13:40Z,99,99
https://xiunice.com/artgravia-4k-vol-638-areumm-%eb%8b%a4%ec%9b%80-86p,Artgravia 4K Vol.638 Areumm 다움 86P,/home/zqh/Desktop/xiunice_scraper/images/Artgravia 4K Vol_638 Areumm 다움 86P,2026-05-31T16:14:19Z,86,86
https://xiunice.com/pure-media-vol-326-yeha-%ec%98%88%ed%95%98-104p-4k,Pure Media Vol.326 Yeha (예하) 104P 4K,/home/zqh/Desktop/xiunice_scraper/images/Pure Media Vol_326 Yeha _예하_ 104P 4K,2026-05-31T16:14:48Z,104,104
https://xiunice.com/pure-media-vol-312-jelly-%ec%a0%a4%eb%a6%ac-120p-4k,Pure Media Vol.312 Jelly 젤리 120P 4K,/home/zqh/Desktop/xiunice_scraper/images/Pure Media Vol_312 Jelly 젤리 120P 4K,2026-05-31T16:15:16Z,120,120
https://xiunice.com/bluecake-yuka-%ec%9c%a0%ec%b9%b4-secret-date-153p-4k,BLUECAKE Yuka (유카) - Secret Date 153P 4K,/home/zqh/Desktop/xiunice_scraper/images/BLUECAKE Yuka _유카_ - Secret Date 153P 4K,2026-05-31T16:16:52Z,153,153
https://xiunice.com/pure-media-vol-305-yeha-%ec%98%88%ed%95%98-141p-4k,Pure Media Vol.305 Yeha 예하 141P 4K,/home/zqh/Desktop/xiunice_scraper/images/Pure Media Vol_305 Yeha 예하 141P 4K,2026-05-31T16:17:28Z,141,141
https://xiunice.com/pure-media-vol-300-yeha-%ec%98%88%ed%95%98-165p-4k,Pure Media Vol.300 Yeha 예하 165P 4K,/home/zqh/Desktop/xiunice_scraper/images/Pure Media Vol_300 Yeha 예하 165P 4K,2026-05-31T16:19:54Z,165,165
https://xiunice.com/bluecake-zia-%ec%a7%80%ec%95%84-your-gift-birthday-76p-4k,BLUECAKE Zia (지아) - Your Gift Birthday 76P 4K,/home/zqh/Desktop/xiunice_scraper/images/BLUECAKE Zia _지아_ - Your Gift Birthday 76P 4K,2026-05-31T16:26:40Z,76,76
https://xiunice.com/bluecake-zia-%ec%a7%80%ec%95%84-trick-or-treat-66p-4k,BLUECAKE Zia (지아) - Trick or Treat 66P 4K,/home/zqh/Desktop/xiunice_scraper/images/BLUECAKE Zia _지아_ - Trick or Treat 66P 4K,2026-05-31T16:28:19Z,66,66
https://xiunice.com/bluecake-yeonyu-%ec%97%b0%ec%9c%a0-vol-02-my-master-magician-red-ver-109p-4k,BLUECAKE YeonYu (연유) - Vol.02 MY MASTER Magician (RED.Ver) 109P 4K,/home/zqh/Desktop/xiunice_scraper/images/BLUECAKE YeonYu _연유_ - Vol_02 MY MASTER Magician _RED_Ver_ 109P 4K,2026-05-31T16:29:31Z,108,108
https://xiunice.com/pure-media-vol-307-yeha-%ec%98%88%ed%95%98-yuna-215p-4k,Pure Media Vol.307 - Yeha 예하 Yuna 215P 4K,/home/zqh/Desktop/xiunice_scraper/images/Pure Media Vol_307 - Yeha 예하 Yuna 215P 4K,2026-05-31T16:31:58Z,215,215
https://xiunice.com/pure-media-vol-315-yeha-%ec%98%88%ed%95%98-78p-4k,Pure Media Vol.315 Yeha 예하 78P 4K,/home/zqh/Desktop/xiunice_scraper/images/Pure Media Vol_315 Yeha 예하 78P 4K,2026-05-31T16:32:47Z,78,47
